id,symbol,name,current_price,market_cap,market_cap_rank,total_volume,high_24h,low_24h,price_change_24h,price_change_percentage_24h,ath,ath_change_percentage,ath_date,atl,atl_change_percentage,atl_date,last_updated,ath_year,ath_month,atl_year,atl_month,ath_distance_pct,atl_growth_pct,price_range_ratio,price_category,predicted_category,actual_category
ardor,ardr,Ardor,0.02751481,27445884,681,131777.0,0.02775434,0.02694289,3.928e-05,0.14295,2.04,-98.6547,2018-01-13 00:00:00+00:00,0.008745,214.37706,2016-12-06 00:00:00+00:00,2026-06-20 00:04:45.190000+00:00,2018,1,2016,12,-98.65,214.63,0.92,low,low,low
youves-uusd,uusd,Youves uUSD,0.989989,11407678,1104,48.12,0.998806,0.96394,0.00484046,0.49134,1.89,-47.58294,2023-06-20 22:51:32.710000+00:00,0.752233,31.76857,2025-10-10 21:30:27.914000+00:00,2026-06-20 00:04:43.086000+00:00,2023,6,2025,10,-47.62,31.61,20.9,low,low,low
swop-2,swop,Swop,0.00607288,60723142,394,4.69,0.00607293,0.00607232,-4.2272271377e-08,-0.0007,0.01391529,-56.36229,2025-08-30 20:02:22.361000+00:00,0.00604693,0.41982,2026-04-12 16:05:11.903000+00:00,2026-06-20 00:04:45.900000+00:00,2025,8,2026,4,-56.36,0.43,0.33,low,low,low
handy,handy,Handy,0.00238173,15709820,932,54985.0,0.00238761,0.00208392,0.00013577,6.04492,0.08437,-97.17704,2022-08-24 07:17:13.743000+00:00,0.00017979,1224.71386,2024-09-08 06:41:31.242000+00:00,2026-06-20 00:04:09.479000+00:00,2022,8,2024,9,-97.18,1224.73,2.62,low,low,low
robo-token-2,robo,Fabric Protocol,0.01979371,44114839,498,9481733.0,0.02011634,0.01904443,-0.0001340768429311,-0.67281,0.060714,-67.4326,2026-03-02 18:15:38.610000+00:00,0.01611105,22.72989,2026-04-06 23:10:15.379000+00:00,2026-06-20 00:04:56.501000+00:00,2026,3,2026,4,-67.4,22.86,8.26,low,low,low
apriori,apr,aPriori,0.197288,48676766,463,2213456.0,0.215042,0.196369,-0.0130208393162474,-6.1913,0.73956,-73.33885,2025-10-24 05:11:47.500000+00:00,0.064576,205.33636,2026-02-06 00:25:06.467000+00:00,2026-06-20 00:04:46.676000+00:00,2025,10,2026,2,-73.32,205.51,19.66,low,low,low
utya,utya,Utya,0.0150429,15040419,951,394590.0,0.01665653,0.01500119,-0.0012643775311525,-7.75346,0.059842,-74.86322,2026-05-07 18:35:04.605000+00:00,0.0002191,6765.45483,2024-09-05 13:38:52.517000+00:00,2026-06-20 00:04:10.503000+00:00,2026,5,2024,9,-74.86,6765.77,24.86,low,low,low
janus-henderson-anemoy-aaa-clo-fund,jaaa,Janus Henderson Anemoy AAA CLO Fund,1.039,733470725,82,0.0,1.039,1.038,0.000482,0.04643,1.039,0.0,2026-06-19 09:40:11.385000+00:00,1.009,2.89177,2025-12-06 14:10:05.491000+00:00,2026-06-19 23:55:07.357000+00:00,2026,6,2025,12,0.0,2.97,100.0,mid,mid,mid
uniswap,uni,Uniswap,3.08,1913505377,44,243308475.0,3.18,3.0,-0.1013730483549149,-3.18449,44.92,-93.14519,2021-05-03 05:25:04.822000+00:00,1.03,198.88688,2020-09-17 01:20:38.214000+00:00,2026-06-20 00:04:36.587000+00:00,2021,5,2020,9,-93.14,199.03,4.67,mid,low,mid
the9bit,9bit,The9bit,0.04234746,348180541,129,6918240.0,0.04313862,0.03641391,0.00577042,15.77606,0.055295,-23.09241,2026-06-03 02:35:43.530000+00:00,0.00589506,621.38841,2026-02-07 09:21:38.151000+00:00,2026-06-20 00:04:32.542000+00:00,2026,6,2026,2,-23.42,618.36,73.79,low,low,low
crepe-2,crepe,CREPE,1.419e-05,9780435,1173,370922.0,1.436e-05,1.363e-05,4.302e-09,0.03032,7.824e-05,-81.88348,2025-10-24 00:26:22.841000+00:00,4.2871e-08,32962.56931,2025-07-26 17:22:08.360000+00:00,2026-06-20 00:04:45.691000+00:00,2025,10,2025,7,-81.86,32999.3,18.09,low,low,low
power-ledger,powr,Powerledger,0.0450104,23882512,748,1522019.0,0.04691348,0.04467569,-0.0017111553371957,-3.66245,1.89,-97.62211,2018-01-07 00:00:00+00:00,0.03262537,37.82544,2020-03-13 02:22:32.160000+00:00,2026-06-20 00:05:02.687000+00:00,2018,1,2020,3,-97.62,37.96,0.67,low,low,low
ishares-bitcoin-trust-ondo-tokenized,ibiton,iShares Bitcoin Trust (Ondo Tokenized),35.59,41111675,514,54.52,35.59,35.58,0.0044673,0.01256,46.88,-24.08815,2026-05-06 11:40:00.687000+00:00,33.54,6.09763,2026-06-05 19:15:40.732000+00:00,2026-06-19 12:18:42.018000+00:00,2026,5,2026,6,-24.08,6.11,15.37,mid,low,mid
fidelity-digital-dollar,fidd,Fidelity Digital Dollar,1.001,48913145,462,3193922.0,1.001,0.998396,0.00125362,0.12539,1.011,-0.98421,2026-02-04 15:14:08.580000+00:00,0.994161,0.69338,2026-02-04 15:05:21.411000+00:00,2026-06-20 00:04:42.225000+00:00,2026,2,2026,2,-0.99,0.69,40.61,mid,low,mid
hamster-kombat,hmstr,Hamster Kombat,0.00015483,9925037,1169,8335659.0,0.00015848,0.00015198,2.18e-06,1.42959,0.00722201,-97.86521,2024-09-27 02:01:16.891000+00:00,0.00012639,21.98351,2026-06-04 11:20:31.983000+00:00,2026-06-20 00:04:44.652000+00:00,2024,9,2026,6,-97.86,22.5,0.4,low,low,low
sandisk-ondo-tokenized,sndkon,SanDisk (Ondo Tokenized),2198.6,8651548,1238,1543164.0,2207.56,2172.74,-4.872233053327818,-0.22112,2211.0,-0.67059,2026-06-18 22:10:28.306000+00:00,554.14,296.32295,2026-03-30 23:54:37.586000+00:00,2026-06-20 00:04:42.166000+00:00,2026,6,2026,3,-0.56,296.76,99.25,high,high,high
liquidity,sn77,Liquidity,2.64,12415487,1050,339581.0,2.63,2.48,0.069041,2.68867,10.25,-74.34786,2025-06-14 02:25:22.912000+00:00,0.64939,305.0095,2026-02-11 17:11:32.482000+00:00,2026-06-20 00:04:45.767000+00:00,2025,6,2026,2,-74.24,306.54,20.73,mid,low,mid
fulcrom,ful,Fulcrom,0.00091577,15330219,946,2662.21,0.00092491,0.0008993,-1.069348780973e-06,-0.11663,0.04004179,-97.71363,2023-04-05 02:48:03.311000+00:00,0.00048209,89.90402,2026-04-26 17:35:03.957000+00:00,2026-06-20 00:04:09.809000+00:00,2023,4,2026,4,-97.71,89.96,1.1,low,low,low
osaka-protocol,osak,Osaka Protocol,1.6584e-08,12550227,1042,68366.0,1.6893e-08,1.6339e-08,-1.12687906e-10,-0.67492,4.37636e-07,-96.23387,2024-03-07 00:15:21.505000+00:00,1.2854e-08,28.22069,2023-07-07 22:32:20.214000+00:00,2026-06-20 00:04:55.512000+00:00,2024,3,2023,7,-96.21,29.02,0.88,low,low,low
mubarak,mubarak,Mubarak,0.01052375,10517810,1140,4607660.0,0.01059042,0.01014736,0.00014259,1.37354,0.211228,-95.01759,2025-03-18 05:06:59.770000+00:00,0.00945956,11.25514,2026-06-06 05:11:04.879000+00:00,2026-06-20 00:04:45.519000+00:00,2025,3,2026,6,-95.02,11.25,0.53,low,low,low
backpack,bp,Backpack,0.580763,145185723,209,3701029.0,0.623784,0.568249,-0.0084901877446286,-1.44084,0.648263,-10.41354,2026-06-18 14:30:43.662000+00:00,0.117896,392.59938,2026-05-25 19:05:43.473000+00:00,2026-06-20 00:04:24.601000+00:00,2026,6,2026,5,-10.41,392.61,87.27,low,mid,low
adshares,ads,Adshares,0.400066,15480557,942,51402.0,0.410527,0.394941,0.00139576,0.3501,5.72,-92.96056,2022-04-03 22:45:38.560000+00:00,0.0102872,3813.45777,2020-09-04 22:54:17.039000+00:00,2026-06-20 00:04:13.158000+00:00,2022,4,2020,9,-93.01,3788.97,6.83,low,low,low
pentagon-chain,pc,Pentagon Chain,45.15,10972124,1122,1972.36,45.33,44.33,0.204203,0.45431,50.83,-11.27927,2026-06-15 15:50:45.410000+00:00,11.68,286.11041,2025-06-16 22:54:20.080000+00:00,2026-06-20 00:04:45.846000+00:00,2026,6,2025,6,-11.17,286.56,85.49,mid,low,mid
unit-00-rei,rei,Rei,0.02185707,21822364,779,102811.0,0.02248126,0.02120424,1.128e-05,0.05166,0.218973,-90.0213,2025-08-05 02:25:59.826000+00:00,0.00605432,260.91075,2025-03-18 17:37:42.097000+00:00,2026-06-20 00:04:11.202000+00:00,2025,8,2025,3,-90.02,261.02,7.42,low,low,low
sosovalue,soso,SoSoValue,0.296251,101246274,271,3443500.0,0.296152,0.287242,0.00802947,2.78587,1.42,-79.15876,2025-01-25 12:11:14.152000+00:00,0.268955,10.07657,2026-06-14 01:15:05.328000+00:00,2026-06-20 00:04:45.544000+00:00,2025,1,2026,6,-79.14,10.15,2.37,low,low,low
wojak-5,wojak,wojak,1.04858e-07,32039879,614,2464149.0,1.05439e-07,8.3961e-08,1.876e-08,21.78962,1.44689e-07,-27.72396,2026-05-12 07:00:42.599000+00:00,1.3227e-08,690.65241,2026-03-28 20:15:33.647000+00:00,2026-06-20 00:05:02.317000+00:00,2026,5,2026,3,-27.53,692.76,69.7,low,low,low
astherus-usdf,usdf,Aster USDF,0.998534,114986214,244,102477.0,0.998584,0.997295,0.00123923,0.12426,1.046,-4.56034,2025-10-10 22:42:58.541000+00:00,0.798494,25.05669,2025-10-10 21:23:15.100000+00:00,2026-06-20 00:04:27.962000+00:00,2025,10,2025,10,-4.54,25.05,80.82,low,low,low
hashkey-ecopoints,hsk,HashKey Platform Token,0.091031,31410283,628,175360.0,0.091135,0.089098,0.00131784,1.46895,2.56,-96.44131,2024-12-20 01:52:30.716000+00:00,0.084095,8.27421,2026-06-11 04:00:44.106000+00:00,2026-06-20 00:05:04.185000+00:00,2024,12,2026,6,-96.44,8.25,0.28,low,low,low
bouncebit,bb,BounceBit,0.02256627,9188447,1210,2589296.0,0.02260057,0.02145304,0.00072384,3.31394,0.865772,-97.41264,2024-06-06 00:10:33.261000+00:00,0.0187266,19.61953,2026-06-06 05:10:17.330000+00:00,2026-06-20 00:04:44.583000+00:00,2024,6,2026,6,-97.39,20.5,0.45,low,low,low
stake-link,sdl,stake.link,0.199162,11952711,1069,4956.61,0.207741,0.194818,-0.0006674376484374,-0.334,1.56,-87.24625,2025-09-03 20:18:16.414000+00:00,0.072039,176.77736,2023-05-21 09:53:23.810000+00:00,2026-06-20 00:04:43.547000+00:00,2025,9,2023,5,-87.23,176.46,8.54,low,low,low
microstrategy-xstock,mstrx,MicroStrategy xStock,114.49,25754266,708,691022.0,114.17,111.6,2.04,1.81679,462.34,-75.253,2025-07-18 05:29:46.066000+00:00,100.65,13.67741,2026-02-06 00:25:51.200000+00:00,2026-06-20 00:05:00.372000+00:00,2025,7,2026,2,-75.24,13.75,3.83,high,low,high
smooth-love-potion,slp,Smooth Love Potion,0.00048518,17595461,877,1034148.0,0.00049267,0.00047871,-6.054494206263e-06,-1.2325,0.399727,-99.87872,2021-07-13 10:04:32.975000+00:00,0.00047271,2.55867,2026-06-06 05:15:44.485000+00:00,2026-06-20 00:04:08.685000+00:00,2021,7,2026,6,-99.88,2.64,0.0,low,low,low
across-protocol,acx,Across Protocol,0.04083273,28759343,658,1581293.0,0.04073204,0.03957615,0.00061921,1.53981,1.69,-97.5881,2024-12-06 13:25:33.957000+00:00,0.03124001,30.3842,2026-02-28 10:10:18.485000+00:00,2026-06-20 00:05:04.179000+00:00,2024,12,2026,2,-97.58,30.71,0.58,low,low,low
ethereum-name-service,ens,Ethereum Name Service,5.26,211875135,171,10624785.0,5.32,5.07,-0.0595501950513392,-1.12041,83.4,-93.7133,2021-11-11 02:20:01.099000+00:00,4.29,22.22109,2026-06-06 05:05:21.752000+00:00,2026-06-20 00:04:25.861000+00:00,2021,11,2026,6,-93.69,22.61,1.23,mid,low,mid
freysa-ai,fai,Freysa AI,0.00205048,16796461,898,292093.0,0.00222532,0.00204638,-0.0001670693911238,-7.53396,0.080047,-97.43794,2025-01-06 16:31:35.641000+00:00,0.00130633,56.99303,2026-02-02 07:25:05.416000+00:00,2026-06-20 00:04:11.294000+00:00,2025,1,2026,2,-97.44,56.96,0.95,low,low,low
moonbeam,glmr,Moonbeam,0.00884278,10427506,1148,2777077.0,0.0089842,0.00868415,-0.0001032829070782,-1.15451,19.5,-99.95464,2022-01-11 14:57:46.115000+00:00,0.00863356,2.45339,2026-06-10 22:50:23.111000+00:00,2026-06-20 00:04:54.646000+00:00,2022,1,2026,6,-99.95,2.42,0.0,low,low,low
bitdca,bdca,BitDCA,0.662294,54543365,425,173844.0,0.669003,0.651889,0.00369527,0.56108,1.18,-43.737,2025-10-02 11:15:40.059000+00:00,0.364545,81.54177,2025-03-01 07:16:25.076000+00:00,2026-06-20 00:04:45.351000+00:00,2025,10,2025,3,-43.87,81.68,36.51,low,low,low
clearpool,cpool,Clearpool,0.02256299,22545121,759,1192369.0,0.02345793,0.02173106,-0.0001267082049708,-0.55844,2.55,-99.1084,2021-11-16 18:18:49.737000+00:00,0.01599962,42.19938,2023-10-16 19:32:35.253000+00:00,2026-06-20 00:04:14.713000+00:00,2021,11,2023,10,-99.12,41.02,0.26,low,low,low
reallink,real,RealLink,0.061724,202741140,176,6444832.0,0.061454,0.059601,0.00135272,2.24068,0.99069,-93.77408,2023-01-02 08:58:38.947000+00:00,0.00023002,26714.56681,2023-05-09 14:26:07.232000+00:00,2026-06-20 00:04:25.914000+00:00,2023,1,2023,5,-93.77,26734.19,6.21,low,low,low
jpycoin,jpyc,JPY Coin,0.00619497,20297108,813,367564.0,0.00620502,0.00616438,-6.093944736652e-06,-0.09827,0.00671645,-7.69101,2025-10-28 13:47:54.979000+00:00,0.00616438,0.57589,2026-06-19 10:05:26.854000+00:00,2026-06-20 00:04:12.720000+00:00,2025,10,2026,6,-7.76,0.5,5.54,low,low,low
fx-usd-saving,fxsave,f(x) USD Saving,1.11,57272701,409,1462.71,1.11,1.11,0.00101377,0.09147,4.68,-76.29497,2026-02-21 07:21:10.905000+00:00,0.972207,14.1129,2026-03-19 04:21:46.778000+00:00,2026-06-20 00:04:46.023000+00:00,2026,2,2026,3,-76.28,14.17,3.72,mid,low,mid
chromaway,chr,Chromia,0.01499685,14603918,966,2879135.0,0.01522288,0.01479566,-6.4057771055262e-05,-0.42532,1.49,-98.99642,2021-11-20 09:59:59.379000+00:00,0.00874003,71.15537,2020-03-13 02:25:03.256000+00:00,2026-06-20 00:04:11.141000+00:00,2021,11,2020,3,-98.99,71.59,0.42,low,low,low
elsa,elsa,Elsa,0.0439947,10084816,1157,5430353.0,0.04805852,0.04105232,-0.0038826403496955,-8.10956,0.400424,-89.0416,2026-01-22 05:46:43.775000+00:00,0.04105232,6.88813,2026-06-19 17:15:46.652000+00:00,2026-06-20 00:04:46.862000+00:00,2026,1,2026,6,-89.01,7.17,0.82,low,low,low
pay-coin,pci,Paycoin,0.03942951,40315499,523,424929.0,0.03958666,0.03903549,0.00013056,0.33223,4.22,-99.06571,2021-02-17 23:41:56.087000+00:00,0.01816581,116.91747,2023-09-23 23:29:26.819000+00:00,2026-06-20 00:04:47.081000+00:00,2021,2,2023,9,-99.07,117.05,0.51,low,low,low
seeker,skr,Seeker,0.00831373,53888734,429,2353526.0,0.0084556,0.00821523,-4.815128632746e-05,-0.57584,0.055818,-85.10579,2026-01-22 03:32:20.056000+00:00,0.00542271,53.31242,2026-01-21 02:11:35.450000+00:00,2026-06-20 00:04:46.838000+00:00,2026,1,2026,1,-85.11,53.31,5.74,low,low,low
bitcastle-token,bce,bitcastle Token,0.131262,52457760,436,63441.0,0.131503,0.128918,0.00080177,0.61457,0.208795,-37.18982,2026-04-17 16:05:06.373000+00:00,0.051889,152.74249,2025-11-03 15:42:08.390000+00:00,2026-06-20 00:04:46.552000+00:00,2026,4,2025,11,-37.13,152.97,50.59,low,low,low
paxos-standard,usdp,Pax Dollar,0.999359,31933557,622,5081665.0,0.999637,0.99894,-3.368620208666e-06,-0.00034,1.18,-15.63824,2024-04-16 16:20:21.365000+00:00,0.863529,15.72954,2021-05-19 13:14:42.046000+00:00,2026-06-20 00:04:45.838000+00:00,2024,4,2021,5,-15.31,15.73,42.92,low,high,low
pythia,pythia,PYTHIA,0.020396,20354458,815,359517.0,0.02068142,0.0201126,5.575e-05,0.27408,0.125047,-83.69268,2025-08-27 18:31:23.728000+00:00,0.00413184,393.52739,2025-02-15 20:59:50.406000+00:00,2026-06-20 00:04:11.684000+00:00,2025,8,2025,2,-83.69,393.63,13.45,low,low,low
keep-network,keep,Keep Network,0.01670468,9180776,1211,479.05,0.01725048,0.01666816,-0.0004813797755836,-2.80099,6.1,-99.72611,2020-05-15 00:00:00+00:00,0.01631675,2.39715,2026-06-06 08:15:43.147000+00:00,2026-06-20 00:04:50.414000+00:00,2020,5,2026,6,-99.73,2.38,0.01,low,low,low
marinade,mnde,Marinade,0.017741,9692969,1172,950027.0,0.01848117,0.01772785,-0.0001589079814445,-0.88776,1.64,-98.91848,2021-10-09 00:00:00+00:00,0.01728843,2.61044,2026-03-30 15:30:03.521000+00:00,2026-06-20 00:04:42.960000+00:00,2021,10,2026,3,-98.92,2.62,0.03,low,low,low
sailout-royalty,sail.r,SailOut Royalty,15.04,22555665,762,999.09,15.04,14.94,0.092038,0.61584,16.7,-9.94797,2026-04-06 09:45:03.322000+00:00,13.06,15.12079,2026-02-23 09:00:01.410000+00:00,2026-06-19 21:45:02.490000+00:00,2026,4,2026,2,-9.94,15.16,54.4,mid,low,mid
islamic-coin,islm,Islamic Coin,0.0064651,23790740,745,27479.0,0.00662062,0.00623684,-2.8146636805623e-05,-0.43348,0.303274,-97.86826,2023-10-15 00:00:00+00:00,0.0059478,8.69574,2025-12-23 14:44:17.935000+00:00,2026-06-20 00:05:04.515000+00:00,2023,10,2025,12,-97.87,8.7,0.17,low,low,low
mcoin1,mcoin,MCOIN,0.058772,10395825,1149,253220.0,0.058792,0.057602,0.00093115,1.60986,2.75,-97.86647,2023-11-12 21:53:58.572000+00:00,0.02384813,146.27956,2026-05-23 11:25:22.215000+00:00,2026-06-20 00:04:43.210000+00:00,2023,11,2026,5,-97.86,146.44,1.28,low,low,low
ripple-usd,rlusd,Ripple USD,1.0,1628698526,50,66630826.0,1.0,0.999587,1.346e-05,0.00135,1.073,-6.7788,2024-12-26 10:45:52.337000+00:00,0.962292,3.92832,2024-12-18 04:40:40.880000+00:00,2026-06-20 00:04:27.423000+00:00,2024,12,2024,12,-6.8,3.92,34.06,mid,low,mid
snowbank,sb,Snowbank,221.64,35470910,572,2830.42,223.62,211.77,2.6,1.18677,8356.8,-97.34117,2021-11-08 05:30:08.317000+00:00,138.86,60.01112,2022-01-23 06:18:28.046000+00:00,2026-06-20 00:05:03.330000+00:00,2021,11,2022,1,-97.35,59.61,1.01,high,low,high
walrus-2,wal,Walrus,0.03588948,86247167,297,14509197.0,0.039683,0.03538941,-0.0023606825874457,-6.17169,0.759179,-95.27354,2025-05-14 08:10:39.605000+00:00,0.03062881,17.15214,2026-06-09 03:30:50.957000+00:00,2026-06-20 00:04:45.613000+00:00,2025,5,2026,6,-95.27,17.18,0.72,low,low,low
asset,asset,REAL,0.256011,35127266,576,803323.0,0.260584,0.249858,0.0051834,2.06652,0.284793,-10.17403,2026-06-11 19:10:44.160000+00:00,0.04307336,493.91274,2026-04-30 17:10:17.763000+00:00,2026-06-20 00:05:02.380000+00:00,2026,6,2026,4,-10.11,494.36,88.09,low,low,low
playnance,gcoin,Playnance,0.00261214,56808312,414,429413.0,0.00264498,0.00258349,-2.6326538802187e-05,-0.9978,0.00298717,-12.5672,2026-05-14 06:20:21.053000+00:00,0.00010448,2399.68038,2026-05-06 00:57:17.115000+00:00,2026-06-20 00:04:42.184000+00:00,2026,5,2026,5,-12.55,2400.13,86.99,low,high,low
katana-network-token,kat,Katana,0.00589752,13668773,1017,9011972.0,0.00568855,0.00524197,0.00057652,10.83489,0.02885398,-80.1958,2026-04-24 21:40:28.912000+00:00,0.00482454,18.44244,2026-06-06 05:05:25.515000+00:00,2026-06-20 00:04:12.886000+00:00,2026,4,2026,6,-79.56,22.24,4.47,low,low,low
comedian,ban,Comedian,0.066805,67009958,364,3370616.0,0.068233,0.064054,0.00227229,3.52117,0.37799,-82.28006,2024-11-18 09:35:57.385000+00:00,0.00929085,620.92012,2024-10-29 04:34:36.529000+00:00,2026-06-20 00:04:49.158000+00:00,2024,11,2024,10,-82.33,619.04,15.6,low,low,low
dolphin-2,pod,Dolphin,0.317927,14428749,968,1182010.0,0.336674,0.255037,0.03840136,13.73803,0.472979,-32.48022,2026-05-17 18:55:36.407000+00:00,7.232e-05,441471.40777,2026-03-10 20:57:09.902000+00:00,2026-06-20 00:04:12.707000+00:00,2026,5,2026,3,-32.78,439511.45,67.21,low,low,low
nexo,nexo,NEXO,0.794482,794613859,79,5450402.0,0.799923,0.777653,-0.004987588202628,-0.62386,4.07,-80.48865,2021-05-12 14:37:47.535000+00:00,0.04515276,1657.84568,2018-09-13 00:00:00+00:00,2026-06-20 00:04:27.087000+00:00,2021,5,2018,9,-80.48,1659.54,18.62,low,low,low
aave,aave,Aave,73.51,1113167924,64,136235211.0,76.14,71.88,-1.1792760895137917,-1.57883,661.69,-88.90728,2021-05-18 21:19:59.514000+00:00,26.02,182.05428,2020-11-05 09:20:11.928000+00:00,2026-06-20 00:04:35.603000+00:00,2021,5,2020,11,-88.89,182.51,7.47,mid,low,mid
spark-2,spk,Spark,0.01717736,52200947,438,17044063.0,0.01817531,0.01701649,-0.0009979512304486,-5.4907,0.184472,-90.69508,2025-07-23 22:01:29.494000+00:00,0.01701649,0.87278,2026-06-19 22:10:03.358000+00:00,2026-06-20 00:04:44.514000+00:00,2025,7,2026,6,-90.69,0.95,0.1,low,low,low
staked-frax-usd,sfrxusd,Frax Staked frxUSD,1.2,36175102,561,190834.0,1.21,1.2,-0.0023862977838684,-0.19865,1.26,-5.01305,2025-09-12 01:25:32.560000+00:00,1.056,13.48936,2025-02-28 11:05:17.885000+00:00,2026-06-20 00:04:55.134000+00:00,2025,9,2025,2,-4.76,13.64,70.59,mid,mid,mid
tokenfi,token,TokenFi,0.00255333,9695754,1179,7866568.0,0.00256163,0.00245001,8.79e-05,3.56527,0.243269,-98.95113,2024-03-26 13:01:11.223000+00:00,4.984e-05,5019.55611,2023-10-27 08:34:48.635000+00:00,2026-06-20 00:04:44.004000+00:00,2024,3,2023,10,-98.95,5023.05,1.03,low,low,low
quark-chain,qkc,QuarkChain,0.00215673,15630502,937,413597.0,0.00219197,0.00214025,-3.266746710651e-06,-0.15124,0.338765,-99.36383,2018-06-05 02:58:00.874000+00:00,0.00137714,56.49133,2020-03-13 02:29:16.944000+00:00,2026-06-20 00:04:10.629000+00:00,2018,6,2020,3,-99.36,56.61,0.23,low,low,low
manadia,umxm,Manadia,1.86,87380357,295,11182318.0,1.87,1.84,0.01867724,1.01367,2.28,-18.34352,2026-04-27 04:35:22.217000+00:00,1.11,67.10936,2026-04-25 01:44:58.225000+00:00,2026-06-20 00:04:42.305000+00:00,2026,4,2026,4,-18.42,67.57,64.1,mid,low,mid
intuition,trust,Intuition,0.055504,10021293,1156,36443129.0,0.061907,0.051366,0.00413745,8.05476,0.606129,-90.67429,2025-11-05 09:29:25.680000+00:00,0.04540806,24.48414,2026-06-10 22:20:25.344000+00:00,2026-06-20 00:04:45.952000+00:00,2025,11,2026,6,-90.84,22.23,1.8,low,low,low
kaspa,kas,Kaspa,0.03002239,823992735,77,9475259.0,0.03051714,0.02963758,-0.0002945499098688,-0.97157,0.207411,-85.58335,2024-08-01 00:40:47.164000+00:00,0.00017105,17381.31431,2022-05-26 14:42:59.316000+00:00,2026-06-20 00:04:26.016000+00:00,2024,8,2022,5,-85.53,17451.82,14.4,low,low,low
manta-network,manta,Manta Network,0.08022,38079575,544,6242489.0,0.08173,0.077326,0.00154966,1.96983,4.05,-98.01855,2024-03-12 20:01:54.575000+00:00,0.057861,38.75299,2026-02-28 09:46:05.893000+00:00,2026-06-20 00:05:04.662000+00:00,2024,3,2026,2,-98.02,38.64,0.56,low,low,low
apex-token-2,apex,APEX,0.292023,40483965,521,1472428.0,0.305994,0.287943,-0.0092357809554305,-3.06573,3.83,-92.38009,2024-03-27 12:54:53.954000+00:00,0.110496,164.28096,2023-10-20 01:14:07.946000+00:00,2026-06-20 00:05:03.739000+00:00,2024,3,2023,10,-92.38,164.28,4.88,low,low,low
wibx,wbx,Wibx,0.00073772,8667872,1236,8471.83,0.00080221,0.00072186,-5.1000312030628e-05,-6.46622,0.04239935,-98.26033,2021-03-12 15:58:50.609000+00:00,0.00018438,300.04277,2025-06-06 02:37:13.726000+00:00,2026-06-20 00:04:42.442000+00:00,2021,3,2025,6,-98.26,300.11,1.31,low,low,low
compounding-open-dollar,cusdo,Compounding OpenDollar,1.051,18137114,865,35462.0,1.051,1.049,0.00168974,0.16099,1.086,-3.15116,2025-08-17 09:18:37.525000+00:00,0.89555,17.39243,2025-07-17 08:07:24.082000+00:00,2026-06-20 00:04:11.454000+00:00,2025,8,2025,7,-3.22,17.36,81.62,mid,low,mid
tradable-latam-fintech-sstn,pc0000097,Tradable LatAm Fintech SSTN,1.0,134000000,219,0.0,1.0,1.0,0.0,0.0,1.0,0.0,2025-07-03 10:25:03.294000+00:00,1.0,0.0,2025-07-03 10:25:03.294000+00:00,2026-06-20 00:00:01.813000+00:00,2025,7,2025,7,0.0,0.0,0.0,mid,mid,mid
404-gen,sn17,404—GEN,2.23,10947815,1121,13192.11,2.3,2.16,-0.0760577053246813,-3.30241,15.38,-85.55703,2025-06-10 05:25:08.303000+00:00,1.67,33.17894,2026-02-06 00:21:35.796000+00:00,2026-06-20 00:04:45.660000+00:00,2025,6,2026,2,-85.5,33.53,4.08,mid,mid,mid
grx-chain,grx,GRX Chain,9.55,90844466,286,1.78,9.55,9.55,0.0,0.0,13.26,-27.97943,2026-02-26 22:25:48.793000+00:00,0.868057,1000.17191,2026-02-14 17:00:45.524000+00:00,2026-06-05 13:43:26.578000+00:00,2026,2,2026,2,-27.98,1000.16,70.06,mid,low,mid
echelon-prime,prime,Echelon Prime,0.239903,14977055,953,335618.0,0.242361,0.236441,-0.0006553222889748,-0.27242,28.0,-99.14272,2024-03-18 05:26:22.707000+00:00,0.236441,1.50724,2026-06-19 05:05:22.608000+00:00,2026-06-20 00:04:09.865000+00:00,2024,3,2026,6,-99.14,1.46,0.01,low,low,low
ryze,ryze,Ryze,0.095823,25276285,718,2057.79,0.096967,0.095782,-0.0010256630846071,-1.05904,0.161394,-40.63331,2026-04-17 16:40:23.757000+00:00,0.01535536,523.97769,2025-04-07 07:02:15.953000+00:00,2026-06-20 00:05:05.343000+00:00,2026,4,2025,4,-40.63,524.04,55.1,low,low,low
xyo-network,xyo,XYO Network,0.00346451,48341959,464,5704901.0,0.00349583,0.0033636,4.087e-05,1.19371,0.081391,-95.72949,2021-11-06 04:44:55.346000+00:00,9.672e-05,3493.60842,2020-03-13 02:24:24.303000+00:00,2026-06-20 00:04:44.908000+00:00,2021,11,2020,3,-95.74,3482.0,4.14,low,low,low
everipedia,iq,IQ,0.00081344,21416778,788,449156.0,0.00082125,0.00079231,-6.654682599578e-06,-0.81146,0.072382,-98.8768,2018-07-16 07:35:38.970000+00:00,0.00063047,28.94976,2020-03-13 02:29:15.457000+00:00,2026-06-20 00:04:11.957000+00:00,2018,7,2020,3,-98.88,29.02,0.26,low,low,low
bitway,btw,Bitway,0.100174,216447968,170,65656702.0,0.097973,0.050848,0.04910043,96.13617,0.126854,-22.29912,2026-06-10 02:25:50.247000+00:00,0.00911805,981.00598,2026-03-03 14:55:24.257000+00:00,2026-06-20 00:04:29.627000+00:00,2026,6,2026,3,-21.03,998.63,77.34,low,low,low
pax-gold,paxg,PAX Gold,4151.14,1886348911,45,100001978.0,4185.02,4117.68,-32.11328467500789,-0.76766,5619.09,-26.12016,2026-01-29 06:30:56.612000+00:00,1399.64,196.60274,2019-11-18 03:09:35.959000+00:00,2026-06-20 00:04:34.420000+00:00,2026,1,2019,11,-26.12,196.59,65.21,high,low,high
nest-basis-vault,nbasis,Nest Basis Vault,1.063,20535960,804,287.2,1.063,1.063,0.000133,0.01251,1.063,-0.00527,2026-06-16 19:20:26.004000+00:00,1.0,6.2893,2025-05-08 12:15:07.961000+00:00,2026-06-20 00:04:13.742000+00:00,2026,6,2025,5,0.0,6.3,100.0,mid,mid,mid
magma-finance,magma,Magma Finance,0.423777,80473716,310,6294847.0,0.449227,0.397498,0.00844592,2.03354,0.568263,-25.46663,2026-06-10 14:10:47.097000+00:00,0.069837,506.47366,2026-04-02 19:50:30.236000+00:00,2026-06-20 00:04:46.914000+00:00,2026,6,2026,4,-25.43,506.81,71.01,low,low,low
hana-network,hana,Hana Network,0.03916083,9384418,1205,2129185.0,0.04020191,0.03797902,-0.0009090965235454,-2.26878,0.245444,-84.06964,2025-09-26 11:26:58.407000+00:00,0.00870609,349.1117,2025-12-18 20:00:28.286000+00:00,2026-06-20 00:04:46.107000+00:00,2025,9,2025,12,-84.04,349.81,12.86,low,low,low
sui,sui,Sui,0.715881,2885289932,32,284753546.0,0.730758,0.702046,-0.0127853362818508,-1.75462,5.35,-86.61045,2025-01-04 22:56:18.063000+00:00,0.364846,96.2145,2023-10-19 10:40:30.078000+00:00,2026-06-20 00:04:27.360000+00:00,2025,1,2023,10,-86.62,96.21,7.04,low,mid,low
aevo-exchange,aevo,Aevo,0.0185741,17022589,891,3380830.0,0.01870792,0.01802439,-3.7060197882844e-05,-0.19913,3.76,-99.50608,2024-03-28 00:05:46.673000+00:00,0.01792381,3.51433,2026-06-10 22:25:46.704000+00:00,2026-06-20 00:04:10.535000+00:00,2024,3,2026,6,-99.51,3.63,0.02,low,low,low
fuzzybear,fuzzy,Fuzzybear,3.645e-05,11571686,1079,11031.91,3.769e-05,3.618e-05,-1.031921437874e-06,-2.75286,0.00011864,-69.30646,2025-07-20 21:56:04.778000+00:00,1.41e-06,2486.92884,2025-02-28 11:53:47.196000+00:00,2026-06-20 00:04:57.864000+00:00,2025,7,2025,2,-69.28,2485.11,29.89,low,low,low
osmosis,osmo,Osmosis,0.04739654,36845612,555,15372175.0,0.052679,0.04450619,0.0028219,6.33073,11.25,-99.57897,2022-03-04 05:12:18.707000+00:00,0.02916342,62.40234,2026-03-29 22:55:20.160000+00:00,2026-06-20 00:05:03.382000+00:00,2022,3,2026,3,-99.58,62.52,0.16,low,low,low
jito-governance-token,jto,Jito,0.750041,363340805,123,110951664.0,0.800842,0.703603,0.01000231,1.35159,6.01,-87.52675,2023-12-07 16:04:48.717000+00:00,0.218137,243.85983,2026-02-06 00:30:39.402000+00:00,2026-06-20 00:04:26.736000+00:00,2023,12,2026,2,-87.52,243.84,9.18,low,low,low
flare-networks,flr,Flare,0.00738083,638583981,87,2122600.0,0.00741734,0.00730499,1.715e-05,0.23292,0.150073,-95.08346,2023-01-10 03:14:05.921000+00:00,0.0064918,13.65715,2026-06-06 05:05:42.877000+00:00,2026-06-20 00:04:26.382000+00:00,2023,1,2026,6,-95.08,13.69,0.62,low,low,low
gmx,gmx,GMX,5.92,61612477,390,1976128.0,5.9,5.56,0.301988,5.37587,91.07,-93.50494,2023-04-18 10:00:25.680000+00:00,5.07,16.69703,2026-06-05 19:20:44.955000+00:00,2026-06-20 00:04:43.436000+00:00,2023,4,2026,6,-93.5,16.77,0.99,mid,low,mid
ebtc-2,ebtc,eBTC,63457.0,35041911,578,9138.07,63232.0,62179.0,660.67,1.05208,82484.0,-23.39049,2026-05-06 11:35:21.653000+00:00,59167.0,6.80018,2026-06-05 19:25:21.385000+00:00,2026-06-20 00:05:02.313000+00:00,2026,5,2026,6,-23.07,7.25,18.4,high,low,high
atoshi,atos,Atoshi,0.04000093,36155220,562,14560.46,0.04065642,0.03891207,-0.0002098855003456,-0.52196,0.109228,-63.38543,2025-04-27 00:10:22.007000+00:00,0.02409721,65.96655,2026-02-23 22:00:47.437000+00:00,2026-06-20 00:04:45.631000+00:00,2025,4,2026,2,-63.38,66.0,18.68,low,low,low
a7a5,a7a5,A7A5,0.01295961,508227456,102,3639.8,0.01319157,0.01288494,-0.0001485445386666,-1.13322,0.229635,-94.35623,2025-08-14 23:03:39.275000+00:00,1.048e-05,123593.25114,2025-08-21 17:38:27.654000+00:00,2026-06-20 00:04:28.485000+00:00,2025,8,2025,8,-94.36,123560.4,5.64,low,low,low
kinetiq,kntq,Kinetiq,0.194506,54595241,424,1481047.0,0.199793,0.194134,-0.0052688609378246,-2.6374,0.376792,-48.34305,2026-06-02 03:40:26.570000+00:00,0.03578417,443.92569,2025-12-18 03:22:13.922000+00:00,2026-06-20 00:04:46.587000+00:00,2026,6,2025,12,-48.38,443.55,46.54,low,low,low
0x,zrx,0x Protocol,0.086101,73022308,346,6843068.0,0.086631,0.084624,-3.6734720237075e-05,-0.04265,2.5,-96.55745,2018-01-13 00:00:00+00:00,0.078044,10.14019,2026-06-06 05:05:26.230000+00:00,2026-06-20 00:04:47.120000+00:00,2018,1,2026,6,-96.56,10.32,0.33,low,low,low
aelf,elf,aelf,0.061153,50205039,453,822860.0,0.064426,0.060613,-0.0012713185256176,-2.03656,2.6,-97.65503,2018-01-09 00:00:00+00:00,0.03545756,72.22178,2020-03-13 02:22:35.431000+00:00,2026-06-20 00:04:55.614000+00:00,2018,1,2020,3,-97.65,72.47,1.0,low,low,low
na-post-settlement-legal-financing-receivables,pc0000101,Tradable NA Post-Settlement Legal Financing Receivables,1.0,76722081,327,0.0,1.0,1.0,0.0,0.0,1.0,0.0,2025-07-03 10:05:03.743000+00:00,1.0,0.0,2025-07-03 10:05:03.743000+00:00,2026-06-20 00:00:23.578000+00:00,2025,7,2025,7,0.0,0.0,0.0,mid,mid,mid
frax-share,frax,Frax (prev. FXS),0.261812,24490482,733,730468.0,0.26689,0.258911,-0.0016346715955558,-0.62049,42.8,-99.38841,2022-01-12 15:22:27.465000+00:00,0.258911,1.09725,2026-06-19 10:25:22.640000+00:00,2026-06-20 00:05:03.123000+00:00,2022,1,2026,6,-99.39,1.12,0.01,low,low,low
tensor,tnsr,Tensor,0.02859152,9546574,1186,4488657.0,0.02923785,0.02814809,-0.0005272319569925,-1.81063,2.23,-98.72112,2024-04-08 15:35:40.723000+00:00,0.02735362,4.39097,2026-06-10 22:10:08.372000+00:00,2026-06-20 00:04:55.590000+00:00,2024,4,2026,6,-98.72,4.53,0.06,low,low,low
block-street,bsb,Block Street,0.401,89003553,291,88960169.0,0.532378,0.28422,-0.0039340466014887,-0.97153,1.75,-77.11628,2026-05-20 19:11:01.899000+00:00,0.080443,396.93023,2026-03-22 23:10:36.973000+00:00,2026-06-20 00:04:42.148000+00:00,2026,5,2026,3,-77.09,398.49,19.2,low,low,low
official-fo,fo,Official FO,0.242433,31227260,630,244925.0,0.249301,0.242318,-0.0036385194349582,-1.47865,0.830025,-70.79488,2025-09-28 09:54:45.813000+00:00,0.163287,48.45612,2026-06-04 10:52:07.498000+00:00,2026-06-20 00:04:45.563000+00:00,2025,9,2026,6,-70.79,48.47,11.87,low,low,low
chinese-oil-asset-reserve,coar,Chinese Oil Asset Reserve,0.01561872,15618212,938,0.0,0.01561872,0.01561872,0.0,0.0,0.01606708,-2.79055,2026-05-19 20:10:28.295000+00:00,0.00563546,177.15075,2026-05-15 15:15:25.272000+00:00,2026-06-20 00:04:08.449000+00:00,2026,5,2026,5,-2.79,177.15,95.7,low,low,low
vechain,vet,VeChain,0.00492234,422500324,114,10264895.0,0.00493441,0.0047648,9.778e-05,2.0267,0.280991,-98.25072,2021-04-19 01:08:21.675000+00:00,0.00191713,156.38895,2020-03-13 02:29:59.652000+00:00,2026-06-20 00:04:36.880000+00:00,2021,4,2020,3,-98.25,156.76,1.08,low,low,low
unipoly,unp,Unipoly,0.1332,37196908,549,308216.0,0.138655,0.131929,0.00108786,0.82344,0.299372,-55.50691,2025-04-29 09:00:33.980000+00:00,0.00980688,1258.22908,2024-06-18 02:12:06.234000+00:00,2026-06-20 00:05:04.475000+00:00,2025,4,2024,6,-55.51,1258.23,42.61,low,low,low
tdccp,tdccp,TDCCP,0.057385,36599193,559,18767.81,0.0582,0.055946,-0.0005024993626809,-0.86806,0.441232,-86.98773,2025-09-08 12:37:29.380000+00:00,0.04619421,24.28885,2026-06-06 05:06:05.178000+00:00,2026-06-20 00:05:02.449000+00:00,2025,9,2026,6,-86.99,24.23,2.83,low,low,low
tokenised-gbp,tgbp,Tokenised GBP,1.32,31201876,631,142197.0,1.32,1.32,0.00093949,0.07109,1.38,-4.35429,2026-01-29 14:56:28.851000+00:00,1.3,1.68873,2026-04-13 11:45:27.738000+00:00,2026-06-20 00:04:53.742000+00:00,2026,1,2026,4,-4.35,1.54,25.0,mid,low,mid
czs-dog,broccoli,CZ's Dog,0.01190971,11513267,1091,6901732.0,0.01218511,0.01173531,-5.0863754614229e-05,-0.42526,0.257985,-95.38613,2025-02-14 10:31:04.883000+00:00,0.01025809,16.03587,2026-06-06 04:41:05.140000+00:00,2026-06-20 00:04:52.559000+00:00,2025,2,2026,6,-95.38,16.1,0.67,low,low,low
gods-unchained,gods,Gods Unchained,0.02640634,10420295,1150,161309.0,0.02645119,0.02602859,0.00037775,1.4513,8.8,-99.69941,2021-12-10 21:07:56.477000+00:00,0.02564225,3.15473,2026-06-13 00:45:28.329000+00:00,2026-06-20 00:04:54.753000+00:00,2021,12,2026,6,-99.7,2.98,0.01,low,low,low
taiko,taiko,Taiko,0.082924,16092822,917,4676090.0,0.084214,0.082547,-0.0007814394349103,-0.93356,3.8,-97.81054,2024-06-05 13:01:31.342000+00:00,0.080786,3.07783,2026-06-10 22:05:47.521000+00:00,2026-06-20 00:04:10.776000+00:00,2024,6,2026,6,-97.82,2.65,0.06,low,low,low
bitcoin-cash-sv,bsv,Bitcoin SV,11.64,233833680,156,5549918.0,11.76,11.46,-0.0923132277829132,-0.78667,489.75,-97.61993,2021-04-16 17:09:04.630000+00:00,11.09,5.12136,2026-06-11 01:00:06.703000+00:00,2026-06-20 00:04:29.035000+00:00,2021,4,2026,6,-97.62,4.96,0.11,mid,low,mid
concierge-io,ava,AVA (Travala),0.190252,13942129,983,9380683.0,0.194054,0.187516,-0.0038020100500044,-1.95925,6.45,-97.04906,2021-04-14 07:24:28.788000+00:00,0.01218947,1460.32685,2019-02-27 00:00:00+00:00,2026-06-20 00:04:10.083000+00:00,2021,4,2019,2,-97.05,1460.79,2.77,low,low,low
fartcoin,fartcoin,Fartcoin,0.122194,122047819,233,11263239.0,0.124663,0.118654,-0.0022634101689752,-1.81862,2.48,-95.07519,2025-01-19 20:41:07.782000+00:00,0.02002855,509.52828,2024-10-30 07:56:04.381000+00:00,2026-06-20 00:04:28.047000+00:00,2025,1,2024,10,-95.07,510.1,4.15,low,low,low
swarms,swarms,Swarms,0.00863754,8646383,1243,7352658.0,0.00870119,0.00759411,0.00090166,11.6555,0.605474,-98.57208,2025-01-07 08:50:45.058000+00:00,0.00551664,56.71988,2026-06-06 05:10:26.365000+00:00,2026-06-20 00:04:45.425000+00:00,2025,1,2026,6,-98.57,56.57,0.52,low,low,low
global-commercial-business,gcb,Global Commercial Business,0.01432577,17217355,882,5195.4,0.01442651,0.01431361,1.158e-05,0.08092,0.342361,-95.81559,2024-09-20 07:54:19.966000+00:00,0.01,43.25777,2026-03-09 14:20:52.008000+00:00,2026-06-20 00:04:10.732000+00:00,2024,9,2026,3,-95.82,43.26,1.3,low,low,low
polkadot,dot,Polkadot,0.959635,1619387137,52,89813338.0,0.97885,0.947577,-0.0124195733381472,-1.27766,54.98,-98.25644,2021-11-04 14:10:09.301000+00:00,0.892875,7.35988,2026-06-06 05:05:21.076000+00:00,2026-06-20 00:04:25.428000+00:00,2021,11,2026,6,-98.25,7.48,0.12,low,low,low
cosmos,atom,Cosmos Hub,1.81,931400834,71,24293272.0,1.85,1.8,0.00274675,0.15191,43.84,-95.87918,2021-09-20 00:00:00+00:00,1.16,55.74921,2020-03-13 02:27:44.591000+00:00,2026-06-20 00:04:33.309000+00:00,2021,9,2020,3,-95.87,56.03,1.52,mid,low,mid
sentient,sent,Sentient,0.01598205,115703915,241,12571096.0,0.01717343,0.01588026,-0.0004642057662334,-2.82256,0.04805315,-66.73463,2026-02-01 00:00:25.753000+00:00,0.01182641,35.16404,2026-06-06 04:40:46.996000+00:00,2026-06-20 00:04:29.464000+00:00,2026,2,2026,6,-66.74,35.14,11.47,low,low,low
the-open-network,gram,Gram (prev. Toncoin),1.61,4319805791,24,59605653.0,1.69,1.57,-0.0545211323404191,-3.284,8.25,-80.5574,2024-06-15 00:36:51.509000+00:00,0.519364,208.97723,2021-09-21 00:33:11.092000+00:00,2026-06-20 00:04:26.286000+00:00,2024,6,2021,9,-80.48,209.99,14.11,mid,low,mid
ustbl-tokenized-u-s-treasury-bill,ustbl,USTBL,1.056,32315954,613,7596.8,1.057,1.056,0.00044004,0.04167,1.057,-0.12693,2026-06-12 07:25:26.773000+00:00,0.04220509,2402.07249,2025-12-04 01:30:33.072000+00:00,2026-06-20 00:04:46.904000+00:00,2026,6,2025,12,-0.09,2402.07,99.9,mid,low,mid
hims-hers-health-ondo-tokenized-stock,himson,Hims & Hers Health (Ondo Tokenized Stock),35.12,34504347,584,5078.12,35.45,34.03,-0.021657038546607,-0.06163,64.06,-45.17879,2025-10-15 19:19:34.923000+00:00,14.04,150.16336,2026-02-24 14:57:22.011000+00:00,2026-06-20 00:04:46.151000+00:00,2025,10,2026,2,-45.18,150.14,42.14,mid,low,mid
alchemist-ai,alch,Alchemist AI,0.06839,58083761,406,9027968.0,0.070725,0.067862,-0.0016945515385186,-2.41788,0.243323,-71.92076,2025-12-18 04:32:38.896000+00:00,0.01435554,375.93718,2025-02-25 00:15:23.826000+00:00,2026-06-20 00:04:52.215000+00:00,2025,12,2025,2,-71.89,376.4,23.6,low,low,low
dash,dash,Dash,37.32,474122818,108,65724567.0,37.05,34.51,1.89,5.33529,1493.59,-97.50762,2017-12-20 00:00:00+00:00,0.213899,17303.5439,2014-02-14 00:00:00+00:00,2026-06-20 00:04:25.918000+00:00,2017,12,2014,2,-97.5,17347.49,2.48,mid,low,mid
internet-computer,icp,Internet Computer,2.27,1252638308,59,31553649.0,2.28,2.21,0.00628321,0.27793,700.65,-99.6768,2021-05-10 16:05:53.653000+00:00,2.02,12.18551,2026-02-24 05:35:51.591000+00:00,2026-06-20 00:04:25.574000+00:00,2021,5,2026,2,-99.68,12.38,0.04,mid,low,mid
bxn,bxn,BXN,0.00057771,9174994,1213,399646.0,0.00057652,0.00056753,4.99e-06,0.87104,0.01626166,-96.45476,2024-04-04 11:25:36.451000+00:00,0.00056715,1.65162,2026-06-18 17:31:47.972000+00:00,2026-06-20 00:04:44.349000+00:00,2024,4,2026,6,-96.45,1.86,0.07,low,low,low
nym,nym,Nym,0.01792237,14975831,952,369089.0,0.01809261,0.01749663,6.744e-05,0.37772,5.76,-99.68901,2022-04-15 05:09:27.468000+00:00,0.01749663,2.44277,2026-06-19 03:15:45.738000+00:00,2026-06-20 00:04:18.563000+00:00,2022,4,2026,6,-99.69,2.43,0.01,low,low,low
gunz,gun,Gunz,0.00586444,13972877,981,6787315.0,0.00619131,0.00584146,-0.0002713084688011,-4.42177,0.115004,-94.91439,2025-03-31 14:10:26.905000+00:00,0.00556081,5.17622,2026-06-06 05:05:48.680000+00:00,2026-06-20 00:04:11.722000+00:00,2025,3,2026,6,-94.9,5.46,0.28,low,low,low
ishares-msci-eafe-etf-ondo-tokenized-etf,efaon,iShares MSCI EAFE ETF (Ondo Tokenized ETF),106.94,11167449,1110,421696.0,106.94,106.31,0.628648,0.59132,107.86,-0.88518,2026-06-15 12:56:06.536000+00:00,89.83,19.00935,2025-09-03 07:28:08.533000+00:00,2026-06-20 00:04:46.209000+00:00,2026,6,2025,9,-0.85,19.05,94.9,high,low,high
basic-attention-token,bat,Basic Attention,0.088577,132425540,221,23842512.0,0.09193,0.087111,-0.0020587205515698,-2.27142,1.9,-95.36289,2021-11-28 00:23:51.354000+00:00,0.072394,21.73828,2017-07-16 00:00:00+00:00,2026-06-20 00:04:30.039000+00:00,2021,11,2017,7,-95.34,22.35,0.89,low,low,low
acurast,acu,Acurast,0.082536,24676612,731,3286128.0,0.083944,0.076001,0.00157504,1.94543,0.315928,-73.83508,2026-01-24 02:02:00.045000+00:00,0.065326,26.5375,2026-06-06 04:45:26.463000+00:00,2026-06-20 00:05:04.582000+00:00,2026,1,2026,6,-73.88,26.34,6.87,low,low,low
sapien-2,sapien,Sapien,0.080134,20051091,824,3077027.0,0.080654,0.076247,0.00190506,2.43524,0.536429,-85.0449,2025-11-06 14:30:48.482000+00:00,0.062712,27.92445,2026-03-29 22:51:41.126000+00:00,2026-06-20 00:04:12.498000+00:00,2025,11,2026,3,-85.06,27.78,3.68,low,low,low
qie,qie,QIE Blockchain,0.192656,16308589,911,23011.0,0.192992,0.192552,-5.5370792771153e-05,-0.02873,0.422462,-54.3971,2026-06-04 04:55:41.991000+00:00,0.00010002,192522.59725,2025-06-17 01:39:20.151000+00:00,2026-06-20 00:04:09.921000+00:00,2026,6,2025,6,-54.4,192517.48,45.59,low,low,low
na-capital-as-a-service-sstn,pc0016245,NA Capital-as-a-Service SSTN,1.0,25000000,722,0.0,1.0,1.0,0.0,0.0,1.0,0.0,2025-07-03 10:25:10.311000+00:00,1.0,0.0,2025-07-03 10:25:10.311000+00:00,2026-06-20 00:00:15.569000+00:00,2025,7,2025,7,0.0,0.0,0.0,mid,low,mid
catizen,cati,Catizen,0.058639,26462094,696,5242019.0,0.061194,0.056149,-0.0021828193932452,-3.5889,1.11,-94.70271,2024-09-20 13:05:33.205000+00:00,0.03651096,60.36304,2026-02-23 20:30:20.062000+00:00,2026-06-20 00:04:54.409000+00:00,2024,9,2026,2,-94.72,60.61,2.06,low,low,low
ishares-core-us-aggregate-bond-etf-ondo-tokenized-etf,aggon,iShares Core US Aggregate Bond ETF (Ondo Tokenized ETF),101.59,14393008,970,64922.0,101.75,101.34,-0.0966679254008084,-0.09507,107.89,-5.84618,2026-02-26 10:25:12.264000+00:00,98.48,3.15354,2025-09-03 08:16:37.016000+00:00,2026-06-20 00:04:12.588000+00:00,2026,2,2025,9,-5.84,3.16,33.05,high,low,high
dogelon-mars,elon,Dogelon Mars,3.1789e-08,31782650,625,4614120.0,3.214e-08,3.1366e-08,-1.57235952e-10,-0.49219,2.59e-06,-98.77448,2021-10-30 20:39:32.727000+00:00,1.7563e-08,80.98135,2021-04-23 06:09:26.872000+00:00,2026-06-20 00:05:03.170000+00:00,2021,10,2021,4,-98.77,81.0,0.55,low,low,low
puff-the-dragon,puff,Puff The Dragon,0.074637,66324057,368,12270.43,0.075824,0.07407,0.00026341,0.35418,0.330448,-77.4134,2024-04-08 10:53:19.152000+00:00,0.03916614,90.56509,2024-09-06 21:01:54.959000+00:00,2026-06-20 00:04:55.226000+00:00,2024,4,2024,9,-77.41,90.57,12.18,low,low,low
commonwealth-2,cwu,CommonWealth,0.01562191,14070627,979,57320.0,0.01637233,0.01543734,-0.0006790223779925,-4.16554,0.133001,-88.25169,2026-05-07 16:00:26.948000+00:00,0.01140859,36.96112,2026-04-10 09:10:21.061000+00:00,2026-06-20 00:04:15.830000+00:00,2026,5,2026,4,-88.25,36.93,3.47,low,mid,low
api3,api3,Api3,0.274087,38855103,537,8538484.0,0.274229,0.259051,0.00823125,3.09614,10.3,-97.35371,2021-04-07 06:54:35.507000+00:00,0.236397,15.27082,2026-06-10 22:25:22.170000+00:00,2026-06-20 00:05:03.349000+00:00,2021,4,2026,6,-97.34,15.94,0.37,low,low,low
tradable-apac-diversified-finance-provider-sstn,pc0000033,Tradable APAC Diversified Finance Provider SSTN,1.0,162500000,193,0.0,1.0,1.0,0.0,0.0,1.0,0.0,2025-07-03 10:25:05.101000+00:00,1.0,0.0,2025-07-03 10:25:05.101000+00:00,2026-06-20 00:00:13.136000+00:00,2025,7,2025,7,0.0,0.0,0.0,mid,mid,mid
falcon-finance,usdf,Falcon USD,0.995945,1459829643,55,283561.0,0.99632,0.993414,0.00035661,0.03582,1.075,-7.32202,2025-05-08 21:25:42.071000+00:00,0.943422,5.5626,2025-07-08 10:16:34.749000+00:00,2026-06-20 00:04:28.086000+00:00,2025,5,2025,7,-7.35,5.57,39.92,low,low,low
altura-2,avlt,Altura Vault Tokens,1.092,39052515,535,29900.0,1.099,1.085,0.00060167,0.05512,1.11,-1.8406,2026-06-04 02:30:12.899000+00:00,1.041,4.85699,2026-03-26 18:05:09.828000+00:00,2026-06-20 00:05:03.151000+00:00,2026,6,2026,3,-1.62,4.9,73.91,mid,low,mid
nkyc-token,nkyc,NKYC Token,7.11,28446464,662,348896.0,7.19,6.98,-0.064998430148381,-0.90586,35.51,-79.96758,2024-12-04 10:27:25.121000+00:00,4.28,66.01293,2023-10-04 18:08:28.472000+00:00,2026-06-20 00:05:04.303000+00:00,2024,12,2023,10,-79.98,66.12,9.06,mid,low,mid
sky,sky,Sky,0.058177,1353996470,57,12759398.0,0.058889,0.057325,0.00028602,0.49408,0.100535,-42.1642,2024-12-04 10:13:57.264000+00:00,0.03582727,62.29356,2025-02-03 05:01:48.626000+00:00,2026-06-20 00:04:35.269000+00:00,2024,12,2025,2,-42.13,62.38,34.54,low,low,low
pancakeswap-token,cake,PancakeSwap,1.37,443802941,110,48520444.0,1.4,1.33,0.04496665,3.3843,43.96,-96.88491,2021-04-30 10:08:22.934000+00:00,0.194441,604.34862,2020-11-03 14:29:34.165000+00:00,2026-06-20 00:04:36.845000+00:00,2021,4,2020,11,-96.88,604.58,2.69,mid,low,mid
exod,exod,EXOD,8.18,85448280,299,0.0,8.18,8.18,0.0,0.0,13.09,-37.50955,2026-02-03 09:55:04.971000+00:00,6.1,34.09836,2026-04-04 00:15:19.123000+00:00,2026-06-20 00:00:10.763000+00:00,2026,2,2026,4,-37.51,34.1,29.76,mid,low,mid
nexpace,nxpc,Nexpace,0.312058,89422899,290,6338871.0,0.322185,0.310729,-0.0098356309096138,-3.05555,3.77,-91.73744,2025-05-15 09:15:14.343000+00:00,0.246863,26.30901,2026-02-11 15:15:14.676000+00:00,2026-06-20 00:04:53.116000+00:00,2025,5,2026,2,-91.72,26.41,1.85,low,low,low
triple-plus,tpt,Triple Plus,0.650822,35805203,566,182643.0,0.650822,0.650822,0.0,0.0,1.0,-34.92274,2026-04-22 10:02:10.082000+00:00,0.524855,24.00033,2026-04-26 17:10:38.493000+00:00,2026-06-16 18:15:20.643000+00:00,2026,4,2026,4,-34.92,24.0,26.51,low,mid,low
redbelly-network-token,rbnt,Redbelly Network,0.00396902,10511967,1143,143692.0,0.00404333,0.00381239,0.00014827,3.88078,0.483622,-99.1797,2024-12-26 06:20:29.049000+00:00,0.00285107,39.14707,2026-04-29 18:25:25.701000+00:00,2026-06-20 00:04:44.087000+00:00,2024,12,2026,4,-99.18,39.21,0.23,low,low,low
straitsx-xusd,xusd,StraitsX XUSD,0.999682,46603202,480,1410464.0,0.999909,0.999434,7.77e-06,0.00078,1.77,-43.55336,2025-03-17 07:07:33.401000+00:00,0.936389,6.76386,2025-03-04 02:16:12.068000+00:00,2026-06-20 00:04:44.662000+00:00,2025,3,2025,3,-43.52,6.76,7.59,low,low,low
main-street-yield,msy,Main Street Yield,1.034,71277052,352,2.8,1.034,1.034,0.0,0.0,1.045,-1.05578,2026-04-23 10:30:48.400000+00:00,1.003,3.11301,2025-12-29 17:00:49.141000+00:00,2026-06-14 01:40:46.478000+00:00,2026,4,2025,12,-1.05,3.09,73.81,mid,low,mid
bit2me,b2m,Bit2Me,0.00580075,17118954,887,35254.0,0.00600488,0.00574823,-1.0388767574976e-05,-0.17877,0.300665,-98.07069,2021-11-05 11:45:52.576000+00:00,0.0,6.980821872550799e+34,2022-04-30 09:34:12.229000+00:00,2026-06-20 00:04:09.380000+00:00,2021,11,2022,4,-98.07,inf,1.93,low,low,low
tradable-na-neobank-sstl,pc0000023,Tradable NA Neobank SSTL,1.0,75000000,334,0.0,1.0,1.0,0.0,0.0,1.0,0.0,2025-07-03 10:25:03.547000+00:00,1.0,0.0,2025-07-03 10:25:03.547000+00:00,2026-06-20 00:00:01.952000+00:00,2025,7,2025,7,0.0,0.0,0.0,mid,mid,mid
band-protocol,band,Band,0.159066,28255333,666,2711357.0,0.162179,0.156074,-0.001829301282123,-1.13695,22.83,-99.30311,2021-04-15 12:04:11.270000+00:00,0.155752,2.14527,2026-06-18 16:00:08.748000+00:00,2026-06-20 00:04:47.085000+00:00,2021,4,2026,6,-99.3,2.13,0.01,low,low,low
openserv,serv,OpenServ,0.04831389,37109558,554,743518.0,0.053702,0.04779955,-0.0047654975024988,-8.97806,0.139003,-65.31726,2024-12-21 07:11:15.298000+00:00,0.00673013,616.33071,2024-11-19 15:57:11.123000+00:00,2026-06-20 00:05:04.558000+00:00,2024,12,2024,11,-65.24,617.87,31.44,low,low,low
capybobo,pybobo,Capybobo,0.00071583,22230612,770,533147.0,0.00071988,0.00071464,-2.63710660229e-06,-0.36704,0.00112111,-36.13569,2026-01-26 12:31:42.627000+00:00,0.0004692,52.5969,2025-11-21 11:14:46.068000+00:00,2026-06-20 00:04:12.850000+00:00,2026,1,2025,11,-36.15,52.56,37.83,low,mid,low
espresso,esp,Espresso,0.06143,31934614,624,3209981.0,0.064988,0.06118,-0.0020279791948475,-3.19578,0.217368,-71.77233,2026-02-24 08:10:22.867000+00:00,0.05223,17.47616,2026-02-15 19:15:15.233000+00:00,2026-06-20 00:04:46.119000+00:00,2026,2,2026,2,-71.74,17.61,5.57,low,low,low
zentry,zent,Zentry,0.00249805,19442054,836,600831.0,0.00250209,0.00246846,1.97e-05,0.79491,0.04531743,-94.48817,2024-05-27 08:45:21.517000+00:00,0.0024281,2.87127,2026-06-18 17:56:03.464000+00:00,2026-06-20 00:04:10.574000+00:00,2024,5,2026,6,-94.49,2.88,0.16,low,low,low
creditcoin-2,ctc,Creditcoin,0.092783,50168366,454,551518.0,0.096481,0.09165,-0.0033494009172666,-3.48416,8.67,-98.92944,2021-03-14 03:54:22.148000+00:00,0.084655,9.58426,2026-06-06 20:10:22.900000+00:00,2026-06-20 00:04:42.561000+00:00,2021,3,2026,6,-98.93,9.6,0.09,low,low,low
spdr-s-p-500-etf-ondo-tokenized-etf,spyon,SPDR S&P 500 ETF (Ondo Tokenized ETF),751.99,41997467,506,439656.0,752.83,748.15,0.748388,0.09962,765.05,-1.71174,2026-06-02 21:40:28.315000+00:00,632.87,18.81686,2026-03-30 19:36:09.465000+00:00,2026-06-20 00:04:46.216000+00:00,2026,6,2026,3,-1.71,18.82,90.12,high,low,high
based-brett,brett,Brett,0.00576943,57114349,413,16943120.0,0.00634152,0.00565,-0.0003550274520037,-5.79688,0.234204,-97.53914,2024-12-01 16:31:18.357000+00:00,0.00084753,580.02937,2024-02-29 08:40:24.951000+00:00,2026-06-20 00:04:48.458000+00:00,2024,12,2024,2,-97.54,580.73,2.11,low,low,low
aleo,aleo,ALEO,0.03219202,38706752,539,803628.0,0.03537914,0.03221055,-0.0026583341076021,-7.62785,6.72,-99.52049,2024-09-28 01:55:41.449000+00:00,0.03000239,7.36968,2026-06-06 05:25:22.100000+00:00,2026-06-20 00:05:04.069000+00:00,2024,9,2026,6,-99.52,7.3,0.03,low,low,low
yellow,yellow,Yellow,0.059641,11566573,1087,1076114.0,0.060728,0.058944,7.12e-06,0.01193,0.065465,-8.89555,2026-06-15 19:20:26.300000+00:00,0.03386888,76.09453,2026-04-09 15:14:43.759000+00:00,2026-06-20 00:04:42.106000+00:00,2026,6,2026,4,-8.9,76.09,81.57,low,low,low
usp-yield-optimized-stablecoin,usp,USP Yield Optimized Stablecoin,1.1,18303170,859,27490.0,1.1,1.1,0.00122696,0.11147,1.37,-19.84533,2026-06-15 10:40:35.178000+00:00,0.93478,17.87541,2026-04-19 05:35:49.726000+00:00,2026-06-20 00:04:12.845000+00:00,2026,6,2026,4,-19.71,17.67,37.96,mid,low,mid
hermez-network-token,hez,Hermez Network,3.06,33850975,590,7397.69,3.06,3.03,0.00308791,0.10097,10.3,-70.40009,2021-12-26 21:51:13.032000+00:00,0.883591,245.09898,2025-09-02 07:20:23.727000+00:00,2026-06-20 00:05:02.802000+00:00,2021,12,2025,9,-70.29,246.31,23.11,mid,low,mid
satoshi-stablecoin,satusd,Satoshi Stablecoin,0.994984,158243401,199,1924.06,1.004,0.98356,0.00041593,0.04182,1.68,-40.72559,2025-02-22 13:29:49.609000+00:00,0.635574,56.51201,2024-07-21 00:10:02.714000+00:00,2026-06-20 00:04:27.045000+00:00,2025,2,2024,7,-40.77,56.55,34.41,low,low,low
defi-ssi,defi.ssi,DEFI.ssi,0.376006,9587817,1185,291363.0,0.377647,0.364625,0.00211371,0.56533,1.028,-63.42365,2025-01-06 16:50:42.469000+00:00,0.255435,47.19122,2026-02-06 00:56:09.592000+00:00,2026-06-20 00:04:45.030000+00:00,2025,1,2026,2,-63.42,47.2,15.61,low,low,low
aethir,ath,Aethir,0.0048085,96658665,278,19094014.0,0.00494869,0.00464444,0.00013851,2.9659,0.118536,-95.94805,2024-06-12 10:00:49.718000+00:00,0.00400522,19.9187,2026-06-06 05:05:43.698000+00:00,2026-06-20 00:04:44.501000+00:00,2024,6,2026,6,-95.94,20.06,0.7,low,low,low
raydium,ray,Raydium,0.596124,160353898,197,12124511.0,0.604342,0.584109,-0.0063139126656546,-1.04806,16.83,-96.45919,2021-09-12 20:20:23.998000+00:00,0.134391,343.49618,2022-12-29 22:15:53.927000+00:00,2026-06-20 00:04:25.474000+00:00,2021,9,2022,12,-96.46,343.57,2.77,low,low,low
frankencoin,zchf,Frankencoin,1.24,45078981,487,198052.0,1.24,1.24,-0.0052785524819949,-0.42455,1.33,-6.81568,2026-02-04 04:36:40.511000+00:00,0.981646,26.11586,2025-02-03 02:12:08.670000+00:00,2026-06-20 00:04:44.375000+00:00,2026,2,2025,2,-6.77,26.32,74.16,mid,low,mid
precious-metals-usd,pmusd,Precious Metals USD,0.781712,73481580,342,10428.89,0.7838,0.778908,0.00150522,0.19293,1.037,-24.60602,2026-03-04 19:10:23.689000+00:00,0.116217,572.62865,2026-05-04 16:40:48.731000+00:00,2026-06-20 00:04:54.813000+00:00,2026,3,2026,5,-24.62,572.63,72.27,low,low,low
fidelity-digital-interest-token,fdit,Fidelity Digital Interest Token,1.0,144195018,211,0.0,1.0,1.0,0.0,0.0,1.0,0.0,2025-09-17 02:05:03.335000+00:00,1.0,0.0,2025-09-17 02:05:03.335000+00:00,2026-06-19 23:45:19.639000+00:00,2025,9,2025,9,0.0,0.0,0.0,mid,mid,mid
cap-usd,cusd,Cap USD,0.999706,80788677,309,195.54,0.999706,0.999678,2.784e-05,0.00278,1.17,-14.57632,2025-10-10 21:42:31.469000+00:00,0.907113,10.20745,2026-04-01 08:00:43.032000+00:00,2026-06-20 00:04:46.159000+00:00,2025,10,2026,4,-14.56,10.21,35.22,low,low,low
strikecoin,strx,StrikeX,0.02512559,22124515,775,3781.52,0.02536348,0.0246584,4.65e-06,0.01853,0.332212,-92.43269,2021-11-22 18:51:17.895000+00:00,2.651e-05,94731.70509,2021-11-22 06:39:24.500000+00:00,2026-06-20 00:04:09.097000+00:00,2021,11,2021,11,-92.44,94677.78,7.56,low,low,low
kava,kava,Kava,0.04786236,51479911,443,8768986.0,0.04763235,0.04574827,0.00135367,2.91057,9.12,-99.47861,2021-08-30 11:10:02.948000+00:00,0.03971159,19.74285,2026-06-06 05:05:46.804000+00:00,2026-06-20 00:04:50.949000+00:00,2021,8,2026,6,-99.48,20.52,0.09,low,low,low
wecan,wecan,Wecan,0.00166561,9988044,1165,27493.0,0.00166872,0.00165249,1.103e-05,0.66644,0.01387676,-88.00387,2023-12-21 17:00:45.281000+00:00,0.0005037,230.48972,2025-03-19 06:45:35.128000+00:00,2026-06-20 00:04:43.759000+00:00,2023,12,2025,3,-88.0,230.68,8.69,low,low,low
netx,netx,NetX,0.45162,10452568,1144,203968.0,0.464182,0.410526,0.00550868,1.23482,1.98,-77.20523,2025-09-17 02:27:05.866000+00:00,0.348396,29.63407,2026-06-16 04:05:49.481000+00:00,2026-06-20 00:04:46.597000+00:00,2025,9,2026,6,-77.19,29.63,6.33,low,low,low
golem,glm,Golem,0.106993,106657582,260,5623523.0,0.107505,0.104279,-8.3489504929e-07,-0.00078,1.32,-91.94615,2018-04-13 09:13:22.739000+00:00,0.00913753,1067.2474,2016-12-12 00:00:00+00:00,2026-06-20 00:04:45.461000+00:00,2018,4,2016,12,-91.89,1070.92,7.46,low,low,low
mbg-by-multibank-group,mbg,MBG By Multibank Group,0.190539,47470439,477,1008021.0,0.203071,0.188848,-0.0124847137838316,-6.14939,2.56,-92.52294,2025-07-24 00:36:31.821000+00:00,0.188848,1.35074,2026-06-19 12:20:26.347000+00:00,2026-06-20 00:04:46.053000+00:00,2025,7,2026,6,-92.56,0.9,0.07,low,low,low
nxm,nxm,Nexus Mutual,46.43,79851011,313,0.0,46.57,45.66,0.087902,0.18967,185.97,-75.03299,2021-11-10 15:14:14.418000+00:00,6.96,566.84858,2020-07-22 19:54:06.406000+00:00,2026-06-20 00:00:31.873000+00:00,2021,11,2020,7,-75.03,567.1,22.05,mid,low,mid
circle-internet-group-ondo-tokenized-stock,crclon,Circle Internet Group (Ondo Tokenized Stock),80.25,114119877,248,238336.0,80.22,78.3,0.468298,0.58695,158.37,-49.35631,2025-10-10 13:49:47.549000+00:00,47.99,67.14072,2026-02-06 00:26:02.239000+00:00,2026-06-20 00:04:32.176000+00:00,2025,10,2026,2,-49.33,67.22,29.23,mid,low,mid
capybara-nation,bara,Capybara Nation,1.27384e-07,12756801,1034,3077.15,1.28954e-07,1.25366e-07,-1.09139402e-09,-0.84949,2.211e-05,-99.4239,2024-11-23 00:25:14.377000+00:00,1.23098e-07,3.489,2026-06-06 04:45:27.752000+00:00,2026-06-20 00:04:45.568000+00:00,2024,11,2026,6,-99.42,3.48,0.02,low,low,low
dogecoin,doge,Dogecoin,0.083444,12902394492,11,435923603.0,0.083803,0.081975,3.152e-05,0.03779,0.731578,-88.59401,2021-05-08 05:08:23.458000+00:00,8.69e-05,95918.59032,2015-05-06 00:00:00+00:00,2026-06-20 00:04:27.751000+00:00,2021,5,2015,5,-88.59,95923.01,11.4,low,mid,low
kinesis-silver,kag,Kinesis Silver,64.92,245188143,148,556505.0,67.79,63.6,-0.7641848881373647,-1.16345,130.0,-50.05892,2026-02-02 07:20:32.878000+00:00,4.36,1388.01752,2024-02-11 14:01:27.124000+00:00,2026-06-20 00:04:31.208000+00:00,2026,2,2024,2,-50.06,1388.99,48.2,mid,low,mid
vultisig,vult,Vultisig,0.136881,13687280,992,36062.0,0.1509,0.136562,-0.0138721985338777,-9.2019,1.24,-88.97149,2025-10-28 14:02:02.634000+00:00,0.0303,351.7256,2025-10-27 02:00:00+00:00,2026-06-20 00:04:11.640000+00:00,2025,10,2025,10,-88.96,351.75,8.81,low,low,low
humidifi,wet,HumidiFi,0.058874,13540297,1000,3626748.0,0.060631,0.057655,-0.001057789680712,-1.765,0.333169,-82.33005,2025-12-10 12:07:09.323000+00:00,0.051999,13.21519,2026-06-06 05:05:46.368000+00:00,2026-06-20 00:04:12.865000+00:00,2025,12,2026,6,-82.33,13.22,2.45,low,low,low
ai-xovia,aix,AI XOVIA,0.454377,45437385,486,785927.0,0.48317,0.452331,-0.0057246067405469,-1.24421,45.0,-98.99023,2025-08-05 00:19:24.271000+00:00,0.38081,19.31864,2026-06-13 13:12:06.407000+00:00,2026-06-20 00:04:45.982000+00:00,2025,8,2026,6,-98.99,19.32,0.16,low,low,low
tria,tria,TRIA,0.0251562,54301522,426,3262583.0,0.02711767,0.02474946,-0.0011674263623443,-4.4349,0.04994739,-49.54939,2026-05-15 21:10:50.469000+00:00,0.01329543,89.52944,2026-02-03 11:40:22.348000+00:00,2026-06-20 00:04:43.283000+00:00,2026,5,2026,2,-49.63,89.21,32.36,low,low,low
helio-protocol-hay,lisusd,Lista USD,0.997319,75177459,332,32036.0,0.997672,0.996388,0.00023994,0.02406,2.0,-50.16614,2022-08-25 12:10:21.873000+00:00,0.208609,378.09209,2022-12-02 02:43:06.227000+00:00,2026-06-20 00:04:43.381000+00:00,2022,8,2022,12,-50.13,378.08,44.03,low,low,low
unity-usd,uusd,Unity USD,0.998376,99858590,274,867870.0,1.002,0.997244,-0.0006447842327304,-0.06454,1.023,-2.36879,2026-03-23 11:10:02.298000+00:00,0.983084,1.57684,2026-06-01 01:45:50.555000+00:00,2026-06-20 00:04:42.185000+00:00,2026,3,2026,6,-2.41,1.56,38.31,low,low,low
pumpcade,pumpcade,PUMPCADE,0.02331293,23279751,755,725788.0,0.02587762,0.02251146,6.66e-05,0.28651,0.04729849,-50.73145,2026-04-15 13:50:10.854000+00:00,0.00158788,1367.57087,2026-02-02 02:44:56.337000+00:00,2026-06-20 00:04:16.745000+00:00,2026,4,2026,2,-50.71,1368.18,47.53,low,low,low
sompi,sompi,Sompi,0.01120674,10617789,1136,108893.0,0.01144107,0.01098133,-0.0001298705485299,-1.14559,0.03299742,-66.07677,2026-04-21 03:35:26.478000+00:00,0.01098133,1.93477,2026-06-19 21:50:44.397000+00:00,2026-06-20 00:04:42.216000+00:00,2026,4,2026,6,-66.04,2.05,1.02,low,low,low
safecoin,safe,SAFEbit,0.065468,24835271,728,367935.0,0.07141,0.063529,-0.0058115516596416,-8.15319,0.503782,-87.0047,2025-10-03 12:47:22.558000+00:00,0.04178524,56.67724,2026-04-07 12:30:57.364000+00:00,2026-06-20 00:04:45.946000+00:00,2025,10,2026,4,-87.0,56.68,5.13,low,low,low
quantixai,qfi,Quantix Finance,55.35,55263640,421,1080870.0,55.35,54.49,0.615863,1.12512,109.6,-49.54773,2025-07-13 20:35:36.383000+00:00,0.228366,24114.67206,2024-03-19 10:08:23.098000+00:00,2026-06-20 00:04:44.366000+00:00,2025,7,2024,3,-49.5,24137.41,50.4,mid,low,mid
avalaunch,xava,Avalaunch,0.27905,11858848,1071,237660.0,0.284794,0.272067,-0.0051975568939931,-1.82853,20.09,-98.61088,2021-12-03 14:12:24.965000+00:00,0.10774,158.98429,2026-02-08 11:57:12.441000+00:00,2026-06-20 00:04:42.852000+00:00,2021,12,2026,2,-98.61,159.0,0.86,low,low,low
sushi,sushi,Sushi,0.176611,48103098,469,6627889.0,0.180219,0.17379,-0.0035565237579272,-1.97401,23.38,-99.24599,2021-03-13 23:44:36.774000+00:00,0.161098,9.41154,2026-06-09 15:40:08.710000+00:00,2026-06-20 00:04:42.581000+00:00,2021,3,2026,6,-99.24,9.63,0.07,low,low,low
ai-powered-finance,aipf,AI Powered Finance,2.16,65261557,372,698027.0,2.21,2.14,-0.0280877787359035,-1.28591,2.23,-2.53045,2026-05-19 13:30:21.434000+00:00,1.69,28.48249,2026-01-28 01:56:07.567000+00:00,2026-06-20 00:04:50.884000+00:00,2026,5,2026,1,-3.14,27.81,87.04,mid,high,mid
zano,zano,Zano,9.52,146041436,210,1069335.0,9.84,9.15,0.02349395,0.24731,17.81,-46.5426,2025-01-07 14:41:15.393000+00:00,0.146452,6400.88214,2019-12-16 19:21:13.626000+00:00,2026-06-20 00:04:29.710000+00:00,2025,1,2019,12,-46.55,6400.42,53.07,mid,low,mid
xpin-network,xpin,XPIN Network,0.0013138,20313864,811,6324153.0,0.00146616,0.00129166,-0.0001523581962469,-10.39165,0.00999923,-86.86256,2025-10-23 16:30:51.390000+00:00,0.00052098,152.14769,2025-08-22 09:12:52.678000+00:00,2026-06-20 00:04:12.401000+00:00,2025,10,2025,8,-86.86,152.18,8.36,low,low,low
cargox,cxo,CargoX,0.154276,25771728,706,31001.0,0.154227,0.146868,0.00615007,4.15192,0.523279,-70.52729,2023-11-08 08:30:23.947000+00:00,3.988e-05,386647.46128,2020-01-01 01:02:55.491000+00:00,2026-06-20 00:05:03.541000+00:00,2023,11,2020,1,-70.52,386750.55,29.48,low,low,low
pyth-network,pyth,Pyth Network,0.03596182,282819345,136,13167109.0,0.03615869,0.03482013,0.00011854,0.33071,1.2,-96.99549,2024-03-16 07:01:15.357000+00:00,0.02962831,21.31977,2026-06-06 05:05:43.659000+00:00,2026-06-20 00:04:26.604000+00:00,2024,3,2026,6,-97.0,21.38,0.54,low,low,low
troll-2,troll,TROLL,0.066878,66559085,366,1922288.0,0.069809,0.065936,2.96e-05,0.04428,0.282604,-76.37604,2025-08-22 21:48:29.985000+00:00,0.00387003,1625.10667,2025-04-22 03:50:51.686000+00:00,2026-06-20 00:04:45.729000+00:00,2025,8,2025,4,-76.34,1628.1,22.61,low,low,low
gains-network,gns,Gains Network,0.567679,13533181,999,770209.0,0.573136,0.560173,-0.0010144505248499,-0.17838,12.48,-95.44641,2023-02-17 07:55:07.998000+00:00,0.265841,113.75472,2021-11-29 05:56:42.899000+00:00,2026-06-20 00:04:09.359000+00:00,2023,2,2021,11,-95.45,113.54,2.47,low,low,low
radix,xrd,Radix,0.00109243,14708856,963,110186.0,0.00110685,0.0010704,-8.680007246242e-06,-0.7883,0.651264,-99.8323,2021-11-14 16:09:27.130000+00:00,0.00095894,13.89456,2026-05-24 02:05:25.818000+00:00,2026-06-20 00:04:10.993000+00:00,2021,11,2026,5,-99.83,13.92,0.02,low,low,low
mag7-ssi,mag7.ssi,MAG7.ssi,0.416165,70161185,357,464252.0,0.416635,0.409445,0.0020927,0.50539,1.35,-69.06379,2024-12-27 12:21:57.631000+00:00,0.384989,8.08696,2026-06-06 05:10:26.267000+00:00,2026-06-20 00:04:45.032000+00:00,2024,12,2026,6,-69.17,8.1,3.23,low,low,low
opengradient,opg,OpenGradient,0.166291,31484118,629,43670010.0,0.166966,0.146357,0.01993408,13.62018,0.475875,-65.14616,2026-04-22 16:11:00.948000+00:00,0.140385,18.1473,2026-06-10 11:30:42.797000+00:00,2026-06-20 00:05:02.465000+00:00,2026,4,2026,6,-65.06,18.45,7.72,low,low,low
usdh-2,usdh,USDH,0.999081,21350353,789,1416116.0,1.002,0.998549,-0.00096112327314,-0.09611,1.11,-10.143,2025-10-10 22:36:29.145000+00:00,0.716867,39.43381,2025-10-10 21:25:21.930000+00:00,2026-06-20 00:04:12.666000+00:00,2025,10,2025,10,-9.99,39.37,71.79,low,high,low
chiliz,chz,Chiliz,0.02162392,224962188,159,52220359.0,0.02244959,0.02077853,-0.0006340535617077,-2.84866,0.878633,-97.54241,2021-03-13 08:04:21.200000+00:00,0.00410887,425.52527,2019-09-28 00:00:00+00:00,2026-06-20 00:04:29.810000+00:00,2021,3,2019,9,-97.54,426.27,2.0,low,low,low
grass,grass,Grass,0.422065,257400204,141,26274036.0,0.425544,0.388148,0.02200428,5.50023,3.89,-89.1525,2024-11-08 12:26:05.892000+00:00,0.166785,153.14715,2026-02-06 00:21:51.978000+00:00,2026-06-20 00:04:35.781000+00:00,2024,11,2026,2,-89.15,153.06,6.86,low,low,low
kgen,kgen,KGeN,0.17583,34971094,580,2578036.0,0.188716,0.169852,0.00529487,3.10486,0.649874,-72.909,2025-10-18 04:11:12.888000+00:00,0.133931,31.45354,2026-04-02 09:35:39.942000+00:00,2026-06-20 00:04:54.025000+00:00,2025,10,2026,4,-72.94,31.28,8.12,low,low,low
digibyte,dgb,DigiByte,0.00264081,48213802,467,3078416.0,0.00267186,0.00251922,6.063e-05,2.34976,0.178084,-98.52394,2021-05-01 00:19:01.967000+00:00,3.099e-05,8383.11048,2015-01-14 00:00:00+00:00,2026-06-20 00:04:45.953000+00:00,2021,5,2015,1,-98.52,8421.49,1.47,low,low,low
gmt-token,gomining,GoMining Token,0.270214,109330621,255,9456861.0,0.273107,0.265918,-0.0016218753032463,-0.59664,0.564703,-52.10329,2024-12-16 19:47:13.362000+00:00,0.069487,289.24534,2022-11-10 00:18:31.110000+00:00,2026-06-20 00:04:43.162000+00:00,2024,12,2022,11,-52.15,288.87,40.53,low,low,low
spiko-amundi-overnight-swap-fund-gbp,gbpsafo,Spiko Amundi Overnight Swap Fund (GBP),1.34,27508671,679,0.0,1.34,1.33,0.00368342,0.27596,1.37,-2.62636,2026-05-11 15:30:08.286000+00:00,1.33,0.55118,2026-06-19 05:20:05.681000+00:00,2026-06-19 23:50:02.253000+00:00,2026,5,2026,6,-2.19,0.75,25.0,mid,mid,mid
checkmate-2,check,Checkmate,0.0379131,11595930,1086,9223787.0,0.04047474,0.03769813,-0.0009173364241407,-2.36242,0.107218,-64.6538,2026-02-17 19:17:02.966000+00:00,0.00547381,592.33869,2025-12-03 19:10:17.745000+00:00,2026-06-20 00:04:58.800000+00:00,2026,2,2025,12,-64.64,592.63,31.88,low,low,low
arcblock,abt,Arcblock,0.197445,19508380,835,67637.0,0.202033,0.193366,-0.0039457396600342,-1.95925,4.69,-95.78452,2024-05-21 23:22:28.803000+00:00,0.04949826,299.83957,2020-03-13 02:17:32.390000+00:00,2026-06-20 00:04:09.438000+00:00,2024,5,2020,3,-95.79,298.89,3.19,low,low,low
usda-3,usda,USDA,0.987529,85859469,298,597521.0,0.987606,0.937251,0.03220544,3.37116,1.19,-17.2267,2025-12-21 01:11:39.740000+00:00,0.590562,67.17676,2025-10-09 15:07:59.514000+00:00,2026-06-20 00:04:46.058000+00:00,2025,12,2025,10,-17.01,67.22,66.22,low,low,low
united-stables,u,United Stables,0.9999,1011263251,66,4956897.0,1.001,0.999595,0.00020401,0.02041,1.008,-0.79106,2026-02-05 21:06:07.908000+00:00,0.968158,3.26895,2025-12-21 00:47:20.303000+00:00,2026-06-20 00:04:29.704000+00:00,2026,2,2025,12,-0.8,3.28,79.67,low,low,low
qkacoin,qka,Qkacoin,0.690435,21865176,778,580.66,0.71693,0.67859,0.00020682,0.02996,2.5,-72.38125,2025-07-29 05:54:26.236000+00:00,0.15587,342.9414,2025-12-16 03:47:52.666000+00:00,2026-06-20 00:04:11.519000+00:00,2025,7,2025,12,-72.38,342.96,22.8,low,low,low
certik,ctk,Shentu,0.119156,19056355,842,937552.0,0.122185,0.118533,-0.0028028296518266,-2.29818,3.94,-96.97382,2021-04-06 18:10:20.345000+00:00,0.115989,2.71505,2026-06-10 22:20:53.015000+00:00,2026-06-20 00:04:09.024000+00:00,2021,4,2026,6,-96.98,2.73,0.08,low,low,low
lumia,lumia,Lumia,0.131303,18153499,866,14752863.0,0.133554,0.101685,0.02841888,27.62223,2.49,-94.73083,2024-12-04 21:01:25.444000+00:00,0.055025,138.85829,2026-02-28 10:11:03.598000+00:00,2026-06-20 00:04:11.156000+00:00,2024,12,2026,2,-94.73,138.62,3.13,low,low,low
nano,xno,Nano,0.35682,47320481,479,130451.0,0.367695,0.326067,0.00556777,1.58512,33.69,-98.94582,2018-01-02 00:00:00+00:00,0.026179,1256.77867,2017-07-16 00:00:00+00:00,2026-06-20 00:04:55.419000+00:00,2018,1,2017,7,-98.94,1263.0,0.98,low,low,low
bora,bora,BORA,0.02396453,27670537,677,155754.0,0.02440555,0.02373567,-4.629049740704e-05,-0.19279,1.61,-98.50862,2021-11-25 00:10:02.143000+00:00,0.00482732,397.29534,2020-02-15 17:49:05.317000+00:00,2026-06-20 00:04:46.952000+00:00,2021,11,2020,2,-98.51,396.44,1.19,low,low,low
arbitrum,arb,Arbitrum,0.083832,532676533,97,35756240.0,0.08637,0.082184,-0.0013921079094457,-1.63346,2.39,-96.49616,2024-01-12 12:29:59.231000+00:00,0.074613,12.24764,2026-06-06 05:05:27.312000+00:00,2026-06-20 00:04:26.083000+00:00,2024,1,2026,6,-96.49,12.36,0.4,low,low,low
pieverse,pieverse,Pieverse,0.657955,180615616,185,6234361.0,0.697941,0.650855,-0.0221696845156268,-3.25965,1.65,-60.23435,2026-04-20 05:40:15.602000+00:00,0.119363,450.82427,2025-11-14 21:01:21.250000+00:00,2026-06-20 00:04:29.059000+00:00,2026,4,2025,11,-60.12,451.22,35.19,low,low,low
centrifuge-2,cfg,Centrifuge,0.237661,90357760,287,8116450.0,0.23956,0.217552,0.00223999,0.95149,0.400363,-40.58449,2025-08-24 23:01:33.559000+00:00,0.067185,254.06415,2026-02-06 08:57:13.670000+00:00,2026-06-20 00:04:45.639000+00:00,2025,8,2026,2,-40.64,253.74,51.17,low,low,low
cash-4,cash,CASH,0.99959,120611746,235,1366583.0,1.029,0.984095,-0.0001289291118551,-0.0129,1.058,-5.25223,2025-11-15 20:50:58.067000+00:00,0.623534,60.8157,2026-06-18 04:00:47.296000+00:00,2026-06-20 00:04:29.341000+00:00,2025,11,2026,6,-5.52,60.31,86.56,low,low,low
build-on,b,BUILDon,0.219605,219410486,164,3562340.0,0.22299,0.218376,-0.0001850947512712,-0.08421,0.76352,-71.24006,2026-05-14 04:11:04.335000+00:00,0.082973,164.65005,2025-10-10 21:31:21.514000+00:00,2026-06-20 00:04:31.765000+00:00,2026,5,2025,10,-71.24,164.67,20.08,low,low,low
worldwide-usd,wusd,Worldwide USD,0.996235,10431105,1147,119887.0,0.996326,0.995331,0.00059386,0.05965,1.074,-7.24489,2024-03-14 09:40:40.874000+00:00,0.95219,4.62312,2024-12-05 22:30:21.449000+00:00,2026-06-20 00:04:57.190000+00:00,2024,3,2024,12,-7.24,4.63,36.16,low,low,low
safe,safe,Safe,0.084614,63433187,382,1084471.0,0.088435,0.083875,-0.0026120413519357,-2.99458,3.56,-97.6286,2024-04-23 07:10:17.083000+00:00,0.083875,0.6056,2026-06-19 23:15:57.296000+00:00,2026-06-20 00:04:43.580000+00:00,2024,4,2026,6,-97.62,0.88,0.02,low,low,low
apecoin,ape,ApeCoin,0.131115,131057789,222,20990248.0,0.135847,0.126446,-0.0019404144864793,-1.45835,26.7,-99.50973,2022-04-28 21:44:21.164000+00:00,0.08172,60.16547,2026-04-02 21:56:48.220000+00:00,2026-06-20 00:04:35.808000+00:00,2022,4,2026,4,-99.51,60.44,0.19,low,low,low
kishu-inu,kishu,Kishu Inu,1.37931e-10,13308607,1014,83073.0,1.4736e-10,1.31139e-10,-8.782882e-12,-5.98639,1.7547e-08,-99.21379,2021-05-15 02:19:47.919000+00:00,2.2426e-11,515.16496,2026-02-05 21:02:26.878000+00:00,2026-06-20 00:04:43.072000+00:00,2021,5,2026,2,-99.21,515.05,0.66,low,low,low
ethgas-2,gwei,ETHGas,0.108622,228726018,157,4099802.0,0.113314,0.103514,-0.0011083796457372,-1.01009,0.215574,-49.47789,2026-06-13 11:20:06.549000+00:00,0.01667836,553.0166,2026-01-21 13:01:13.968000+00:00,2026-06-20 00:04:32.103000+00:00,2026,6,2026,1,-49.61,551.28,46.23,low,mid,low
metronome-synth-usd,msusd,Metronome Synth USD,0.99613,24023142,740,2950379.0,0.996966,0.995458,0.00036765,0.03692,3.43,-70.98658,2025-10-16 10:48:38.387000+00:00,0.427862,132.70874,2025-10-09 03:53:06.683000+00:00,2026-06-20 00:04:48.448000+00:00,2025,10,2025,10,-70.96,132.82,18.93,low,low,low
microstrategy-ondo-tokenized-stock,mstron,MicroStrategy (Ondo Tokenized Stock),113.72,13345989,1016,866435.0,113.59,111.75,1.48,1.31583,362.7,-68.64859,2025-10-06 14:08:13.315000+00:00,101.13,12.43917,2026-02-06 00:21:01.650000+00:00,2026-06-20 00:04:46.196000+00:00,2025,10,2026,2,-68.65,12.45,4.81,high,low,high
origin-protocol,ogn,Origin Token,0.01683939,11317582,1107,934519.0,0.01705386,0.01669357,-0.0001788906562433,-1.05117,3.35,-99.49801,2021-04-08 08:34:23.319000+00:00,0.01630349,3.21617,2026-06-06 05:10:45.628000+00:00,2026-06-20 00:04:52.094000+00:00,2021,4,2026,6,-99.5,3.29,0.02,low,low,low
securitize-tokenized-aaa-clo-fund,stac,Securitize Tokenized AAA CLO Fund,1020.83,102284783,266,0.0,1021.4,1020.69,-0.2154900943568236,-0.0211,1023.81,-0.29142,2026-06-10 13:45:08.644000+00:00,997.66,2.32226,2026-02-06 00:15:06.823000+00:00,2026-06-20 00:00:26.975000+00:00,2026,6,2026,2,-0.29,2.32,88.6,high,mid,high
neo,neo,NEO,2.21,155919625,200,6331560.0,2.22,2.16,0.01018901,0.46255,198.38,-98.88564,2018-01-15 00:00:00+00:00,0.078349,2721.57255,2016-10-21 00:00:00+00:00,2026-06-20 00:04:27.658000+00:00,2018,1,2016,10,-98.89,2720.71,1.07,mid,low,mid
bc-token,bc,BCGame Coin,0.01147522,114687855,247,81110.0,0.01148108,0.01090657,0.00043779,3.96644,0.01195521,-3.96587,2026-04-14 07:00:44.331000+00:00,0.00291432,293.95471,2025-04-07 07:00:26.650000+00:00,2026-06-20 00:04:27.827000+00:00,2026,4,2025,4,-4.01,293.75,94.69,low,low,low
goatseus-maximus,goat,Goatseus Maximus,0.01314894,13142674,1023,2659844.0,0.01343104,0.01299252,-0.0002218381769202,-1.65913,1.35,-99.02693,2024-11-17 13:01:21.319000+00:00,0.01232896,6.62005,2026-06-06 05:10:46.812000+00:00,2026-06-20 00:04:55.859000+00:00,2024,11,2026,6,-99.03,6.65,0.06,low,low,low
mocaverse,moca,Moca Network,0.00936819,39623604,528,5052446.0,0.00946397,0.00913667,0.0001116,1.20567,0.477373,-98.03923,2024-12-25 03:17:29.272000+00:00,0.00831494,12.57048,2026-06-06 05:06:04.089000+00:00,2026-06-20 00:05:05+00:00,2024,12,2026,6,-98.04,12.67,0.22,low,low,low
pocket-network,pokt,Pocket Network,0.00795042,15993732,919,237388.0,0.00812942,0.00776548,-3.9203541439863e-05,-0.49068,3.11,-99.74477,2022-01-16 07:15:26.325000+00:00,0.00731793,8.61537,2026-06-06 05:10:15.997000+00:00,2026-06-20 00:04:11.530000+00:00,2022,1,2026,6,-99.74,8.64,0.02,low,low,low
beam-2,beam,Beam,0.00141655,72710765,347,4893752.0,0.0014713,0.00140499,-4.1962383688863e-05,-2.87706,0.04416304,-96.79051,2024-03-10 10:40:22.381000+00:00,0.00134723,5.20927,2026-06-06 04:45:27.897000+00:00,2026-06-20 00:04:46.583000+00:00,2024,3,2026,6,-96.79,5.15,0.16,low,low,low
basedhype,basedhype,BasedHype,0.00565332,56618248,416,64.6,0.00566264,0.00554933,4.988e-05,0.89025,0.01997093,-71.64967,2025-10-07 09:44:35.454000+00:00,0.00403031,40.48102,2025-11-22 14:00:21.582000+00:00,2026-06-20 00:04:46.268000+00:00,2025,10,2025,11,-71.69,40.27,10.18,low,low,low
qubic-network,qubic,Qubic,4.55022e-07,62837102,384,1406784.0,4.68112e-07,4.42048e-07,6.688e-09,1.49181,1.256e-05,-96.38296,2024-03-02 12:28:41.540000+00:00,4.17676e-07,8.7829,2026-06-11 04:21:04.912000+00:00,2026-06-20 00:04:44.083000+00:00,2024,3,2026,6,-96.38,8.94,0.31,low,low,low
b3,b3,B3 (Base),0.00059026,27528636,682,5884503.0,0.00061404,0.00057625,-1.6700297428582e-05,-2.75145,0.01828807,-96.75857,2025-02-12 00:45:46.101000+00:00,0.00025351,133.8389,2026-04-29 20:00:24.928000+00:00,2026-06-20 00:05:04.266000+00:00,2025,2,2026,4,-96.77,132.83,1.87,low,low,low
joe,joe,JOE,0.02952026,13459508,1002,5046882.0,0.03015932,0.02909175,-0.0004229422019585,-1.41248,5.09,-99.42121,2021-11-21 14:27:00.202000+00:00,0.02658814,10.74049,2021-08-11 14:01:35.223000+00:00,2026-06-20 00:04:43.065000+00:00,2021,11,2021,8,-99.42,11.03,0.06,low,low,low
ishares-core-s-p-500-etf-ondo-tokenized-etf,ivvon,iShares Core S&P 500 ETF (Ondo Tokenized ETF),752.87,67717611,362,398416.0,755.52,752.37,-2.5065935225348994,-0.33183,768.16,-1.94119,2026-06-03 11:30:47.599000+00:00,638.02,18.06059,2026-03-30 19:40:59.087000+00:00,2026-06-20 00:04:46.221000+00:00,2026,6,2026,3,-1.99,18.0,88.25,high,low,high
ronin,ron,Ronin,0.058003,44781222,489,4107045.0,0.060574,0.056504,-0.0024887754156601,-4.11426,4.45,-98.69794,2024-03-26 05:12:38.487000+00:00,0.0559,3.66642,2026-06-14 14:50:44.865000+00:00,2026-06-20 00:04:43.461000+00:00,2024,3,2026,6,-98.7,3.76,0.05,low,low,low
