id,symbol,name,image,current_price,market_cap,market_cap_rank,fully_diluted_valuation,total_volume,high_24h,low_24h,price_change_24h,price_change_percentage_24h,market_cap_change_24h,market_cap_change_percentage_24h,circulating_supply,total_supply,max_supply,ath,ath_change_percentage,ath_date,atl,atl_change_percentage,atl_date,roi,last_updated
verge,xvg,Verge,https://coin-images.coingecko.com/coins/images/203/large/Verge_Coin_%28native%29_icon_200x200.jpg?1699220755,0.00261958,43294408,501,43381009,2372519.0,0.00262039,0.00246069,7.514e-05,2.95314,1265415.0,3.01081,16521951234.84134,16555000000.0,,0.261874,-98.99936,2017-12-24T00:00:00.000Z,2.23e-06,117166.26216,2015-02-06T00:00:00.000Z,,2026-06-20T00:05:03.559Z
bankercoin-2,bnkr,BankrCoin,https://coin-images.coingecko.com/coins/images/52626/large/bankr-static.png?1736405365,0.00043156,43084779,502,43084779,1587444.0,0.00044334,0.00042729,-7.951546296431e-06,-1.80918,-866254.3890545145,-1.97095,99999999999.99998,99999999999.99998,100000000000.0,0.00120094,-64.09858,2026-02-10T09:41:03.089Z,7.81e-06,5417.90117,2024-12-26T19:38:42.963Z,,2026-06-20T00:04:45.212Z
redstone-oracles,red,RedStone,https://coin-images.coingecko.com/coins/images/53640/large/RedStone_Logo_New_White.png?1740640919,0.101225,42603520,503,100966117,4868095.0,0.105544,0.100186,-0.002016104394991308,-1.95281,-975820.86388769,-2.23918,421958587.0,1000000000.0,1000000000.0,0.932461,-89.16928,2025-03-06T12:36:56.662Z,0.089359,13.01823,2026-06-06T04:45:51.227Z,,2026-06-20T00:04:45.306Z
superfortune,gua,Superfortune,https://coin-images.coingecko.com/coins/images/70828/large/superfortune.png?1764058443,0.941257,42396314,504,942140306,1271669.0,1.32,0.843374,-0.37054376964184843,-28.24697,-16634698.84551274,-28.17959,45000000.0,1000000000.0,1000000000.0,1.67,-43.62055,2026-05-25T17:10:26.726Z,0.07378,1175.81961,2025-11-27T08:06:44.771Z,,2026-06-20T00:04:55.193Z
octra,oct,Octra,https://coin-images.coingecko.com/coins/images/71026/large/octra.png?1765330700,0.067636,42240868,507,42240868,267146.0,0.074125,0.06472,-0.000157999421446328,-0.23306,-172659.59509685636,-0.40709,625202731.0,625202731.0,1000000000.0,0.140309,-51.83129,2026-06-01T11:15:49.435Z,0.01454093,364.79235,2026-04-28T15:25:06.000Z,,2026-06-20T00:04:46.789Z
huma-finance,huma,Huma Finance,https://coin-images.coingecko.com/coins/images/29215/large/huma.png?1696528173,0.02433526,42212667,505,243534616,9693899.0,0.0246313,0.0229803,0.00098691,4.2269,1799700.0,4.45327,1733333333.0,10000000000.0,10000000000.0,0.115647,-78.97149,2025-05-26T12:20:35.710Z,0.01107715,119.53998,2026-02-26T17:55:58.293Z,,2026-06-20T00:05:04.321Z
spdr-s-p-500-etf-ondo-tokenized-etf,spyon,SPDR S&P 500 ETF (Ondo Tokenized ETF),https://coin-images.coingecko.com/coins/images/68655/large/spyon_160x160.png?1756156354,751.99,41997467,506,41997467,439656.0,752.83,748.15,0.748388,0.09962,32328.0,0.07704,55843.03947784645,55843.03947784645,,765.05,-1.71174,2026-06-02T21:40:28.315Z,632.87,18.81686,2026-03-30T19:36:09.465Z,,2026-06-20T00:04:46.216Z
deep,deep,DeepBook,https://coin-images.coingecko.com/coins/images/50648/large/DEEP_Logo_256x256_px_%282%29.png?1728612340,0.01676614,41862611,510,167450444,4650181.0,0.01734394,0.01637669,-0.000422957401920044,-2.46061,-1035305.1861554235,-2.41342,2500000000.0,10000000000.0,10000000000.0,0.341085,-95.08774,2025-01-18T20:22:37.904Z,0.01073218,56.11886,2024-10-14T13:34:58.507Z,,2026-06-20T00:05:05.352Z
popcat,popcat,Popcat,https://coin-images.coingecko.com/coins/images/33760/large/image.jpg?1702964227,0.04272632,41786971,508,41786971,14336063.0,0.04270799,0.04102813,0.00068691,1.63396,677901.0,1.64903,979978669.96,979978669.96,979978694.0,2.05,-97.92314,2024-11-17T15:50:59.669Z,0.00379728,1023.80015,2024-01-05T15:34:24.842Z,,2026-06-20T00:05:04.619Z
fractal-bitcoin,fb,Fractal Bitcoin,https://coin-images.coingecko.com/coins/images/40049/large/Fractal_LogoMark_Round.png?1725445811,0.39979,41768879,509,60655526,2742692.0,0.400693,0.397163,0.00226728,0.57035,35950.0,0.08614,104493924.9459796,151742975.0,210000000.0,38.8,-98.96974,2024-09-15T12:50:56.102Z,0.334207,19.60565,2025-11-22T18:10:57.527Z,,2026-06-20T00:05:05.207Z
non-playable-coin,npc,Non-Playable Coin,https://coin-images.coingecko.com/coins/images/31193/large/NPC_200x200.png?1696530021,0.00517609,41576739,511,41576739,4243684.0,0.00548118,0.00476083,0.00031419,6.46231,2394004.0,6.10984,8050126520.0,8050126520.0,8050126520.0,0.066169,-92.19323,2024-11-18T08:46:10.128Z,4.561e-05,11225.19349,2023-08-13T12:00:49.550Z,,2026-06-20T00:05:04.413Z
bityuan,bty,Bityuan,https://coin-images.coingecko.com/coins/images/8679/large/BTY_logo_%28200_200%29.png?1723581274,0.056178,41502278,512,41502278,127431.0,0.060744,0.055252,-0.004354105850143154,-7.19306,-2837197.20763956,-6.39881,732632243.555942,732632243.555942,,0.765083,-92.59581,2019-06-26T05:31:16.042Z,0.01348346,320.13076,2020-06-21T17:06:02.375Z,,2026-06-20T00:04:47.059Z
succinct,prove,Succinct,https://coin-images.coingecko.com/coins/images/67905/large/succinct-logo.png?1754228574,0.212298,41402058,513,212318246,9959011.0,0.214637,0.201293,0.00217457,1.0349,422981.0,1.03219,195000000.0,1000000000.0,1000000000.0,1.71,-87.59638,2025-08-11T19:31:46.714Z,0.173452,22.33077,2026-06-07T19:51:02.946Z,,2026-06-20T00:04:46.527Z
ishares-bitcoin-trust-ondo-tokenized,ibiton,iShares Bitcoin Trust (Ondo Tokenized),https://coin-images.coingecko.com/coins/images/102172420/large/ibiton_160x160.png?1773394618,35.59,41111675,514,41111675,54.52,35.59,35.58,0.0044673,0.01256,-7110.991253197193,-0.01729,1155298.484573586,1155298.484573586,,46.88,-24.08815,2026-05-06T11:40:00.687Z,33.54,6.09763,2026-06-05T19:15:40.732Z,,2026-06-19T12:18:42.018Z
affine,sn120,affine,https://coin-images.coingecko.com/coins/images/69755/large/affine-logo.jpeg?1759487699,12.22,41102085,515,41102085,156531.0,12.67,11.83,-0.4590823967756936,-3.62208,-1467999.4223035946,-3.44843,3364641.919364903,3364641.919364903,21000000.0,31.56,-61.39141,2026-03-25T17:40:46.696Z,9.88,23.33023,2026-02-06T00:21:27.674Z,,2026-06-20T00:05:01.926Z
score,sn44,Score,https://coin-images.coingecko.com/coins/images/66325/large/score-logo.jpg?1749213803,8.58,40843836,516,40843836,349021.0,8.75,8.28,-0.17147580434906473,-1.95902,-898388.2287526652,-2.15223,4771853.4042715,4771853.4042715,21000000.0,14.86,-42.39146,2025-06-10T06:41:00.670Z,3.03,182.35875,2025-10-10T21:22:27.324Z,,2026-06-20T00:05:00.865Z
request-network,req,Request,https://coin-images.coingecko.com/coins/images/1031/large/Request_icon_green.png?1696502140,0.054604,40694868,518,54644114,1564136.0,0.055782,0.05382,-0.000186256333423729,-0.33994,-89661.75607134402,-0.21984,744291192.2591633,999416740.9347086,1000000000.0,1.059,-94.83775,2018-01-06T00:00:00.000Z,0.00454707,1102.57084,2020-03-13T02:24:34.541Z,"{'times': -0.08992883325361534, 'currency': 'usd', 'percentage': -8.992883325361534}",2026-06-20T00:05:02.662Z
reental,rnt,Reental,https://coin-images.coingecko.com/coins/images/32508/large/IMG_5790.jpeg?1749836696,0.300129,40691787,517,60027465,6462.13,0.300137,0.296266,0.00213367,0.71601,293628.0,0.72683,135577228.76479298,200000000.0,200000000.0,0.300137,-0.00478,2026-06-19T23:56:06.138Z,0.01591959,1785.24339,2025-06-13T05:04:28.430Z,,2026-06-20T00:05:04.349Z
brla-digital-brla,brla,BRLA Digital BRLA,https://coin-images.coingecko.com/coins/images/40062/large/IconGreen400.png?1725459580,0.19295,40591430,520,40591430,234952.0,0.193258,0.191948,0.00081929,0.42643,12120936.0,42.57368,210424518.4147355,210424518.4147355,,0.204619,-5.72637,2026-05-06T11:45:03.443Z,0.075673,154.91454,2024-11-04T22:10:31.830Z,,2026-06-20T00:05:05.229Z
apex-token-2,apex,APEX,https://coin-images.coingecko.com/coins/images/25266/large/CxpMECpk_400x400_%281%29.png?1696524406,0.292023,40483965,521,146080571,1472428.0,0.305994,0.287943,-0.00923578095543054,-3.06573,-1245810.544636935,-2.98542,138567245.0,499999990.0,1000000000.0,3.83,-92.38009,2024-03-27T12:54:53.954Z,0.110496,164.28096,2023-10-20T01:14:07.946Z,,2026-06-20T00:05:03.739Z
solstice,slx,Solstice,https://coin-images.coingecko.com/coins/images/71128/large/slx.png?1779455873,0.166598,40457529,519,166598017,10497751.0,0.167338,0.146277,0.0109511,7.03585,2690536.0,7.12404,242845200.0,999999996.718142,1000000000.0,0.463469,-64.11032,2026-06-01T06:35:18.607Z,0.139846,18.94377,2026-06-18T05:10:46.953Z,,2026-06-20T00:04:58.474Z
notcoin,not,Notcoin,https://coin-images.coingecko.com/coins/images/33453/large/rFmThDiD_400x400.jpg?1701876350,0.00040663,40405055,522,41633634,5878840.0,0.00041414,0.00039323,3.86e-06,0.95801,379648.0,0.94852,99429447866.9074,102452755868.5205,102456956842.91,0.02836145,-98.56461,2024-06-02T18:00:38.587Z,0.00032676,24.58761,2026-02-28T13:45:06.069Z,,2026-06-20T00:05:04.593Z
pay-coin,pci,Paycoin,https://coin-images.coingecko.com/coins/images/9330/large/new_logo_square.png?1696509434,0.03942951,40315499,523,74908286,424929.0,0.03958666,0.03903549,0.00013056,0.33223,137856.0,0.34312,1022576439.0,1900000000.0,1900000000.0,4.22,-99.06571,2021-02-17T23:41:56.087Z,0.01816581,116.91747,2023-09-23T23:29:26.819Z,,2026-06-20T00:04:47.081Z
celo,celo,Celo,https://coin-images.coingecko.com/coins/images/11090/large/InjXBNx9_400x400.jpg?1696511031,0.067078,40280441,524,66887579,7660313.0,0.068497,0.06069,0.00508176,8.19685,2987306.0,8.01034,602211072.0,1000000000.0,1000000000.0,9.82,-99.31932,2021-08-30T14:25:09.929Z,0.056378,18.57775,2026-06-06T05:06:02.169Z,,2026-06-20T00:05:02.831Z
cross-2,cross,CROSS,https://coin-images.coingecko.com/coins/images/67058/large/CROSS_200x200_%281%29.png?1753936811,0.091057,40123817,525,89972988,2871514.0,0.094028,0.089986,-0.001821718355791938,-1.9614,-954526.3058205694,-2.32367,439364125.121793,985222890.0,1000000000.0,0.438189,-79.1648,2025-07-18T02:41:59.165Z,0.04660973,95.87643,2025-07-06T06:56:39.748Z,,2026-06-20T00:04:46.040Z
mantra,mantra,MANTRA,https://coin-images.coingecko.com/coins/images/102172151/large/OM_Token_Primary-1K.png?1771922964,0.0075117,39743904,529,54409707,4875424.0,0.00781313,0.00744056,-0.000265574015447711,-3.41474,-1479049.783384055,-3.58793,5299232475.686132,7254689535.71872,10000000000.0,0.0262739,-71.44907,2026-03-04T14:10:54.284Z,0.00655195,14.49179,2026-06-05T19:20:20.552Z,,2026-06-20T00:05:02.350Z
moo-deng,moodeng,Moo Deng,https://coin-images.coingecko.com/coins/images/50264/large/MOODENG.jpg?1726726975,0.04015652,39718306,530,39718306,9273634.0,0.04056911,0.03905255,-0.000148914317189955,-0.36946,-180972.33493615687,-0.45357,989937562.780727,989937562.780727,1000000000.0,0.680378,-94.10302,2024-11-15T14:06:28.269Z,0.01544782,159.72459,2024-09-20T13:55:20.098Z,,2026-06-20T00:05:05.295Z
spacex-bstocks-tokenized-stock,spcxb,SpaceX (bStocks Tokenized Stock),https://coin-images.coingecko.com/coins/images/102173888/large/bstocks_spacex.png?1781280362,179.47,39655881,527,39655881,11956685.0,183.32,176.76,-2.2037771344962493,-1.21304,-2850986.7659804076,-6.70712,220956.1070138,220956.1070138,,226.95,-20.90997,2026-06-16T01:01:03.420Z,164.7,8.98153,2026-06-13T03:21:22.318Z,,2026-06-20T00:05:02.640Z
gohome,gohome,GOHOME,https://coin-images.coingecko.com/coins/images/54909/large/20250314_132950.png?1742455637,75.63,39643898,526,755640902,479917.0,76.2,75.24,-0.46153210381081067,-0.60659,-210559.70449097455,-0.52832,524619.425648,9999619.425648,9999619.45,277.7,-72.82025,2025-03-30T19:14:20.982Z,72.47,4.15782,2026-06-06T20:15:25.740Z,,2026-06-20T00:04:45.778Z
mocaverse,moca,Moca Network,https://coin-images.coingecko.com/coins/images/37812/large/moca.jpg?1720693068,0.00936819,39623604,528,83202060,5052446.0,0.00946397,0.00913667,0.0001116,1.20567,462910.0,1.18208,4233186230.3425,8888888888.0,8888888888.0,0.477373,-98.03923,2024-12-25T03:17:29.272Z,0.00831494,12.57048,2026-06-06T05:06:04.089Z,,2026-06-20T00:05:05.000Z
threshold-network-token,t,Threshold Network,https://coin-images.coingecko.com/coins/images/22228/large/nFPNiSbL_400x400.jpg?1696521570,0.00355988,39608393,531,39608393,4661602.0,0.00360081,0.00349922,-2.706537454288e-05,-0.75455,-407701.7433911711,-1.01884,11155000000.0,11155000000.0,,0.226934,-98.43549,2022-03-02T08:36:02.983Z,0.00349922,1.46288,2026-06-19T12:40:43.247Z,,2026-06-20T00:05:04.912Z
folks,folks,FOLKS,https://coin-images.coingecko.com/coins/images/70268/large/1000331462.png?1761335326,2.37,39597343,532,118685623,4136655.0,2.48,2.16,0.123641,5.51496,2398209.0,6.44695,16681609.097812,50000000.0,50000000.0,48.86,-95.15337,2025-12-14T02:45:44.428Z,0.840593,181.74153,2026-04-06T19:31:46.269Z,,2026-06-20T00:04:46.604Z
gemini-dollar,gusd,Gemini Dollar,https://coin-images.coingecko.com/coins/images/5992/large/gemini-dollar-gusd.png?1696506408,0.999223,39391951,533,39391951,382945.0,1.0,0.998778,-0.000839666820431129,-0.08396,26902.0,0.06834,39421552.55,39421552.55,,3.3,-69.7559,2018-10-11T17:36:21.529Z,0.78261,27.67843,2018-09-29T00:00:00.000Z,"{'times': -0.0007771050760315, 'currency': 'usd', 'percentage': -0.07771050760315}",2026-06-20T00:04:55.966Z
mask-network,mask,Mask Network,https://coin-images.coingecko.com/coins/images/14051/large/Mask_Network.jpg?1696513776,0.39188,39154701,534,39154701,8793397.0,0.391772,0.358249,0.0226124,6.12359,2218149.0,6.0053,100000000.0,100000000.0,100000000.0,41.45,-99.05537,2021-02-24T17:42:44.637Z,0.332423,17.77393,2026-06-06T05:05:21.246Z,,2026-06-20T00:05:03.067Z
vethor-token,vtho,VeThor,https://coin-images.coingecko.com/coins/images/5230/large/VTHO_Circle_Crop__Reference_.png?1751980206,0.0003879,39108730,536,39108730,758223.0,0.00039331,0.00038471,-2.358261199222e-06,-0.60428,-230011.982518889,-0.5847,100875108078.0,100875108078.0,,0.04671227,-99.17008,2018-08-29T02:40:46.956Z,0.00015238,154.42079,2020-03-16T10:14:24.544Z,,2026-06-20T00:04:53.048Z
altura-2,avlt,Altura Vault Tokens,https://coin-images.coingecko.com/coins/images/102172640/large/AVLT_200x200_Kopie.png?1774446611,1.092,39052515,535,39052515,29900.0,1.099,1.085,0.00060167,0.05512,476872.0,1.2362,35782223.809104,35782223.809104,,1.11,-1.8406,2026-06-04T02:30:12.899Z,1.041,4.85699,2026-03-26T18:05:09.828Z,,2026-06-20T00:05:03.151Z
api3,api3,Api3,https://coin-images.coingecko.com/coins/images/13256/large/Api3-Token.png?1742439807,0.274087,38855103,537,46931940,8538484.0,0.274229,0.259051,0.00823125,3.09614,775038.0,2.03528,142956105.725558,172672489.2781211,,10.3,-97.35371,2021-04-07T06:54:35.507Z,0.236397,15.27082,2026-06-10T22:25:22.170Z,,2026-06-20T00:05:03.349Z
tellor,trb,Tellor Tributes,https://coin-images.coingecko.com/coins/images/9644/large/TRB-New_Logo.png?1737722143,13.94,38842141,538,39867661,9525567.0,14.19,13.64,-0.19202725444815627,-1.35907,-705146.5163053498,-1.78305,2793612.626671704,2867370.290583518,,593.09,-97.65311,2023-12-31T22:15:07.200Z,0.01001379,138899.47873,2019-11-01T10:00:10.047Z,,2026-06-20T00:04:47.153Z
aleo,aleo,ALEO,https://coin-images.coingecko.com/coins/images/27916/large/secondary-icon-dark.png?1726770428,0.03219202,38706752,539,64882351,803628.0,0.03537914,0.03221055,-0.002658334107602148,-7.62785,-2629555.7755160853,-6.36137,1201611766.558915,2014206627.202751,5000000000.0,6.72,-99.52049,2024-09-28T01:55:41.449Z,0.03000239,7.36968,2026-06-06T05:25:22.100Z,,2026-06-20T00:05:04.069Z
yzy,yzy,YZY,https://coin-images.coingecko.com/coins/images/68439/large/yzy.png?1755756963,0.297629,38663456,540,297411039,184251.0,0.302603,0.296468,0.00027791,0.09346,-43503.20505044609,-0.11239,129999999.896197,999999450.242819,1000000000.0,2.95,-89.91146,2025-08-21T02:38:44.302Z,0.188434,57.83294,2025-10-10T21:36:03.390Z,,2026-06-20T00:04:46.254Z
goplus-security,gps,GoPlus Security,https://coin-images.coingecko.com/coins/images/53686/large/Separate_logo%EF%BC%88green%EF%BC%89.png?1737033911,0.00874866,38608954,541,87566520,10112856.0,0.00890581,0.00833836,-0.00011765603347114,-1.327,-580337.1618650183,-1.48086,4409100001.78,10000000000.0,10000000000.0,0.2198,-96.01744,2025-01-31T07:39:51.330Z,0.00441135,98.43485,2025-12-18T19:58:16.382Z,,2026-06-20T00:04:45.295Z
claude-crab,crabai,Claude Crab,https://coin-images.coingecko.com/coins/images/102173733/large/CRABAI_logo_200x200.png?1781164943,0.00405047,38480847,542,40506155,7.01,0.00405067,0.00404894,1.17e-06,0.02888,13531.19,0.03518,9500000000.0,10000000000.0,10000000000.0,0.00405252,-0.04688,2026-06-15T22:25:23.621Z,0.00356559,13.60293,2026-06-13T12:50:23.027Z,,2026-06-20T00:05:02.513Z
invesco-qqq-etf-ondo-tokenized-etf,qqqon,Invesco QQQ ETF (Ondo Tokenized ETF),https://coin-images.coingecko.com/coins/images/68654/large/qqqon_160x160.png?1756156339,741.95,38205490,543,38205490,539598.0,742.36,735.85,0.812574,0.10964,37858.0,0.09919,51494.38420090049,51494.38420090049,,749.72,-1.03715,2026-06-03T12:15:25.254Z,556.67,33.28294,2026-03-31T00:31:16.011Z,,2026-06-20T00:04:46.287Z
manta-network,manta,Manta Network,https://coin-images.coingecko.com/coins/images/34289/large/manta.jpg?1704468717,0.08022,38079575,544,80244022,6242489.0,0.08173,0.077326,0.00154966,1.96983,639003.0,1.70671,474547182.2305895,1000000000.0,1000000000.0,4.05,-98.01855,2024-03-12T20:01:54.575Z,0.057861,38.75299,2026-02-28T09:46:05.893Z,,2026-06-20T00:05:04.662Z
binance-usd,busd,BUSD,https://coin-images.coingecko.com/coins/images/9576/large/BUSDLOGO.jpg?1696509654,0.999521,37823008,545,37823008,462.38,0.999703,0.985071,0.00648272,0.65282,242777.0,0.64602,37842488.00594552,37842488.00594552,,2.58,-61.25996,2024-11-10T16:17:12.600Z,0.112189,790.92463,2025-06-21T12:06:15.589Z,,2026-06-20T00:04:47.000Z
midas-fasanara-global,mglobal,Midas Fasanara Global,https://coin-images.coingecko.com/coins/images/102172980/large/mglobal-Cm4yjVTI.png?1776956923,1.0,37611592,546,37611592,0.0,1.0,1.0,0.0,0.0,0.0,0.0,37611592.3662487,37611592.3662487,,1.0,0.0,2026-04-23T15:10:03.444Z,1.0,0.0,2026-04-23T15:10:03.444Z,,2026-06-20T00:05:02.293Z
uma,uma,UMA,https://coin-images.coingecko.com/coins/images/10951/large/UMA.png?1696510900,0.414065,37456209,547,53261346,5577808.0,0.414202,0.400756,0.00459185,1.1214,374335.0,1.00948,90669436.22725837,128928587.304535,,41.56,-99.00554,2021-02-04T11:27:11.433Z,0.303625,36.10777,2020-04-29T17:00:41.760Z,,2026-06-20T00:05:02.807Z
gekko,gekko,GEKKO,https://coin-images.coingecko.com/coins/images/32439/large/gekko_%281%29.png?1698228341,6.2266e-07,37342993,548,124476642,37835.0,6.27151e-07,5.99811e-07,-4.129779108e-09,-0.65888,-216889.62851869315,-0.57745,60000000000000.0,200000000000000.0,200000000000000.0,1.37e-05,-95.45927,2024-03-06T21:14:42.768Z,5.45423e-07,14.07378,2026-06-10T08:20:31.403Z,,2026-06-20T00:05:04.446Z
ankr,ankr,Ankr Network,https://coin-images.coingecko.com/coins/images/4324/large/Ankr_Blue_Symbol.png?1754623142,0.00372754,37224145,551,37224145,8768481.0,0.00388245,0.00367184,-3.591849748887e-05,-0.9544,-1748308.3447739333,-4.48601,10000000000.0,10000000000.0,10000000000.0,0.213513,-98.26077,2021-04-16T19:44:04.474Z,0.00070728,425.03447,2020-03-13T02:24:03.563Z,"{'times': -0.43522167291140423, 'currency': 'usd', 'percentage': -43.52216729114043}",2026-06-20T00:05:05.326Z
unipoly,unp,Unipoly,https://coin-images.coingecko.com/coins/images/32510/large/20231018_231410.png?1698398961,0.1332,37196908,549,133212433,308216.0,0.138655,0.131929,0.00108786,0.82344,305897.0,0.82919,279230000.0,1000000000.0,1000000000.0,0.299372,-55.50691,2025-04-29T09:00:33.980Z,0.00980688,1258.22908,2024-06-18T02:12:06.234Z,,2026-06-20T00:05:04.475Z
magic-eden,me,Magic Eden,https://coin-images.coingecko.com/coins/images/39850/large/_ME_Profile_Dark_2x.png?1734013082,0.061755,37183402,552,61727919,5444877.0,0.062106,0.059005,0.00145809,2.4182,798384.0,2.19427,602370270.633382,999990886.772027,1000000000.0,17.0,-99.6365,2024-12-10T14:00:45.686Z,0.056151,10.05577,2026-06-10T22:25:47.263Z,,2026-06-20T00:05:05.289Z
metamask-usd,musd,MetaMask USD,https://coin-images.coingecko.com/coins/images/68451/large/MetaMask-mUSD-Icon-200x200.png?1755878384,0.999701,37163579,550,37163579,8360701.0,1.003,0.993495,-4.1460705680896e-05,-0.00415,-1838.0652782544494,-0.00495,37181225.469258,37181225.469258,,1.26,-20.68554,2026-05-17T23:15:47.956Z,0.979806,2.01258,2025-09-03T00:00:00.000Z,,2026-06-20T00:04:46.221Z
openserv,serv,OpenServ,https://coin-images.coingecko.com/coins/images/51430/large/X_Logo_Blue_%282%29.png?1747853206,0.04831389,37109558,554,48194232,743518.0,0.053702,0.04779955,-0.004765497502498856,-8.97806,-3940426.2958499566,-9.59909,770000000.0,1000000000.0,1000000000.0,0.139003,-65.31726,2024-12-21T07:11:15.298Z,0.00673013,616.33071,2024-11-19T15:57:11.123Z,,2026-06-20T00:05:04.558Z
latam-residential-sstl,pc0000089,Tradable LatAm Residential SSTL,https://coin-images.coingecko.com/coins/images/66590/large/tradable.jpg?1749832358,1.0,37000012,553,37000012,0.0,1.0,1.0,0.0,0.0,0.0,0.0,37000012.390813,37000012.390813,100000000.0,1.0,0.0,2025-07-03T10:05:04.224Z,1.0,0.0,2025-07-03T10:05:04.224Z,,2026-06-20T00:00:20.225Z
osmosis,osmo,Osmosis,https://coin-images.coingecko.com/coins/images/16724/large/osmo.png?1696516298,0.04739654,36845612,555,46294236,15372175.0,0.052679,0.04450619,0.0028219,6.33073,2212294.0,6.38776,777853437.605424,977324794.957827,1000000000.0,11.25,-99.57897,2022-03-04T05:12:18.707Z,0.02916342,62.40234,2026-03-29T22:55:20.160Z,,2026-06-20T00:05:03.382Z
sp500-xstock,spyx,SP500 xStock,https://coin-images.coingecko.com/coins/images/66695/large/Ticker_SPX__Company_Name_SP500__size_200x200_2x.png?1750266819,750.61,36733239,556,195096272,156984201.0,751.53,747.41,-0.8713034940853959,-0.11594,-48837.30531053245,-0.13277,48946.33962965487,259962.0589324436,,763.58,-1.72346,2026-06-02T21:55:26.223Z,614.77,22.06525,2025-07-02T23:29:47.903Z,,2026-06-20T00:04:46.022Z
botxcoin,botx,BOTXCOIN,https://coin-images.coingecko.com/coins/images/6827/large/20250728_115719.jpg?1753789551,0.682933,36684877,557,104274535,18262.35,0.691209,0.673618,-0.003068257610372327,-0.44727,,,1759052523.0,5000000000.0,5000000000.0,3.27,-79.10696,2021-11-08T13:35:57.445Z,0.0007075,96439.66656,2024-09-01T19:21:15.076Z,"{'times': 14.979718835289365, 'currency': 'eth', 'percentage': 1497.9718835289364}",2026-06-20T00:04:46.049Z
zest-protocol,zest,Zest Protocol,https://coin-images.coingecko.com/coins/images/102173294/large/zest.jpg?1778837125,0.251165,36666663,558,251141528,12335433.0,0.266512,0.250476,-0.012138234546350546,-4.60998,-1643277.3431274444,-4.28943,146000000.0,1000000000.0,1000000000.0,0.345227,-27.25336,2026-06-09T05:30:23.674Z,0.065734,282.05475,2026-05-19T13:10:00.796Z,,2026-06-20T00:05:02.483Z
tdccp,tdccp,TDCCP,https://coin-images.coingecko.com/coins/images/55581/large/tdccp-logo.jpg?1746787823,0.057385,36599193,559,36599193,18767.81,0.0582,0.055946,-0.00050249936268093,-0.86806,-499448.70816239715,-1.34627,639999980.9,639999980.9,639999980.9,0.441232,-86.98773,2025-09-08T12:37:29.380Z,0.04619421,24.28885,2026-06-06T05:06:05.178Z,,2026-06-20T00:05:02.449Z
terra-luna-2,luna,Terra,https://coin-images.coingecko.com/coins/images/25767/large/01_Luna_color.png?1696524851,0.051429,36477969,560,60971285,3577487.0,0.05197,0.050654,-0.00039035412530837,-0.7533,-289375.9221166596,-0.78705,709984438.91686,1186707049.0,,18.87,-99.72786,2022-05-28T09:18:14.847Z,0.04580672,12.1084,2025-10-10T21:26:52.228Z,,2026-06-20T00:05:03.689Z
staked-frax-usd,sfrxusd,Frax Staked frxUSD,https://coin-images.coingecko.com/coins/images/53964/large/sfrxUSD.png?1737792232,1.2,36175102,561,36175102,190834.0,1.21,1.2,-0.002386297783868452,-0.19865,-1090375.1596907973,-2.92597,30176702.01986498,30176702.01986498,,1.26,-5.01305,2025-09-12T01:25:32.560Z,1.056,13.48936,2025-02-28T11:05:17.885Z,,2026-06-20T00:04:55.134Z
atoshi,atos,Atoshi,https://coin-images.coingecko.com/coins/images/55359/large/ATOS.png?1745609448,0.04000093,36155220,562,4003188171,14560.46,0.04065642,0.03891207,-0.00020988550034564,-0.52196,-187384.53308292478,-0.51561,903160633.17898,99999999999.99998,100000000000.0,0.109228,-63.38543,2025-04-27T00:10:22.007Z,0.02409721,65.96655,2026-02-23T22:00:47.437Z,,2026-06-20T00:04:45.631Z
unit-plasma,uxpl,Unit Plasma,https://coin-images.coingecko.com/coins/images/69561/large/plasma.png?1759039851,0.100222,36078226,569,1001995379,558189.0,0.103988,0.092612,0.00299228,3.07753,1070505.0,3.05791,360063795.81,10000000000.0,,1.57,-93.61768,2025-09-28T08:11:07.817Z,0.060321,66.11042,2026-06-10T22:25:14.216Z,,2026-06-20T00:04:46.508Z
aegis-yusd,yusd,Aegis YUSD,https://coin-images.coingecko.com/coins/images/55085/large/LOGO_YUSD_BLACK.png?1756548564,0.998433,36032565,563,36032565,22488.0,0.99869,0.998211,-8.814759498321e-06,-0.00088,-2079.342216424644,-0.00577,36090576.5238556,36090576.5238556,,1.17,-14.69856,2025-12-16T16:55:43.213Z,0.87025,14.72749,2026-02-01T16:22:26.018Z,,2026-06-20T00:04:57.369Z
everything,ev,Everything,https://coin-images.coingecko.com/coins/images/71690/large/EV_token_v2_White.png?1773933783,0.00035931,35878723,565,35878723,35929.0,0.00036191,0.00035378,-7.12486934152e-07,-0.1979,-46428.7001876235,-0.12924,99852309368.57785,99852309368.57785,100000000000.0,0.00175037,-79.47192,2026-05-05T05:45:27.330Z,0.00031577,13.78977,2026-03-19T15:03:14.081Z,,2026-06-20T00:04:47.003Z
glidr,glidr,Glidr,https://coin-images.coingecko.com/coins/images/67959/large/logo.png?1754412140,1.012,35870152,564,101151784,76126.0,1.018,0.995002,0.00236295,0.23415,72931.0,0.20373,35461710.0,100000000.0,100000000.0,2.1,-51.84254,2026-02-05T00:17:49.150Z,0.946676,6.8494,2026-06-06T17:01:14.381Z,,2026-06-20T00:04:46.087Z
triple-plus,tpt,Triple Plus,https://coin-images.coingecko.com/coins/images/102172579/large/os928LRG_400x400.jpg?1774010211,0.650822,35805203,566,325410992,182643.0,,,,,,,55015355.68,500000000.0,500000000.0,1.0,-34.92274,2026-04-22T10:02:10.082Z,0.524855,24.00033,2026-04-26T17:10:38.493Z,,2026-06-16T18:15:20.643Z
bedrock-token,br,Bedrock,https://coin-images.coingecko.com/coins/images/54908/large/BR_200px.png?1742453499,0.141922,35747677,567,142279310,6274013.0,0.151295,0.136951,-0.003077128932413381,-2.12217,-816502.9700067565,-2.23307,251250000.0,1000000000.0,1000000000.0,0.257114,-44.67688,2026-04-15T22:05:04.221Z,0.03920767,262.79565,2025-04-18T20:21:08.576Z,,2026-06-20T00:04:53.498Z
chia,xch,Chia,https://coin-images.coingecko.com/coins/images/15174/large/zV5K5y9f_400x400.png?1696514829,1.92,35710041,568,67220819,3034597.0,1.99,1.89,-0.07177392915787184,-3.60427,-1254884.1944147646,-3.3948,18557203.0,34932203.0,,1645.12,-99.88305,2021-05-15T14:24:45.107Z,1.89,1.65853,2026-06-19T23:45:27.524Z,,2026-06-20T00:05:03.251Z
vana,vana,Vana,https://coin-images.coingecko.com/coins/images/51404/large/logo.png?1731086679,1.16,35676927,570,139001013,2686428.0,1.19,1.12,0.03705836,3.28913,973090.0,2.80399,30800000.0,120000000.0,120000000.0,35.23,-96.70881,2024-12-17T00:40:30.667Z,1.03,12.54512,2026-06-06T05:05:44.313Z,,2026-06-20T00:04:52.645Z
snowbank,sb,Snowbank,https://coin-images.coingecko.com/coins/images/19947/large/sb.png?1696519364,221.64,35470910,572,35470910,2830.42,223.62,211.77,2.6,1.18677,480357.0,1.37282,159640.027327531,159640.027327531,,8356.8,-97.34117,2021-11-08T05:30:08.317Z,138.86,60.01112,2022-01-23T06:18:28.046Z,,2026-06-20T00:05:03.330Z
verus-coin,vrsc,Verus,https://coin-images.coingecko.com/coins/images/6769/large/Screenshot_33.png?1696507103,0.439594,35369732,571,35369811,215.62,0.444752,0.405998,-0.002070215698448952,-0.46873,-164860.7611513734,-0.46394,80459919.77266088,80460099.77927671,83540184.0,6.74,-93.47583,2024-12-05T09:36:59.103Z,0.00177843,24624.81547,2020-11-29T04:57:39.065Z,,2026-06-20T00:04:46.022Z
avantis,avnt,Avantis,https://coin-images.coingecko.com/coins/images/68972/large/avnt-token.png?1757134448,0.108785,35253529,573,108732574,9090421.0,0.114297,0.107663,-0.002357050262898883,-2.12075,-759812.8176362365,-2.10981,324222330.6637053,1000000000.0,1000000000.0,2.64,-95.87446,2025-09-22T00:21:56.300Z,0.098181,10.74488,2026-06-09T04:35:27.201Z,,2026-06-20T00:04:46.442Z
nvidia-xstock,nvdax,NVIDIA xStock,https://coin-images.coingecko.com/coins/images/55633/large/Ticker_NVDA__Company_Name_NVIDIA_Corp__size_200x200_2x.png?1746862704,209.14,35134184,574,197422998,4124613.0,210.45,208.52,-1.0431282299279303,-0.4963,-138559.35200718045,-0.39282,167868.8080115626,943274.0418079378,,239.99,-12.83265,2026-05-15T00:25:06.363Z,150.3,39.18076,2025-07-02T12:46:31.628Z,,2026-06-20T00:04:58.120Z
ssv-network,ssv,SSV Network,https://coin-images.coingecko.com/coins/images/19155/large/ssv.png?1696518606,2.41,35133190,579,35133190,5225980.0,2.4,2.22,0.075158,3.22393,851856.0,2.4849,14699173.1,14699173.1,,65.82,-96.36806,2024-03-25T05:21:25.264Z,1.85,29.43746,2026-06-06T05:05:42.188Z,,2026-06-20T00:05:03.477Z
asset,asset,REAL,https://coin-images.coingecko.com/coins/images/102172706/large/download.png?1774982021,0.256011,35127266,576,255837236,803323.0,0.260584,0.249858,0.0051834,2.06652,662932.0,1.92353,137303179.0,1000000000.0,1000000000.0,0.284793,-10.17403,2026-06-11T19:10:44.160Z,0.04307336,493.91274,2026-04-30T17:10:17.763Z,,2026-06-20T00:05:02.380Z
small-thing,st,Small Thing,https://coin-images.coingecko.com/coins/images/70520/large/logo_black128.png?1762278575,0.00167999,35099309,575,88046626,25329.0,0.00167718,0.00160856,3.383e-05,2.05539,34117130.0,3473.61592,398644565.6231859,1000000000.0,1000000000.0,0.105386,-98.418,2026-04-15T17:30:27.882Z,0.00153746,8.43862,2026-06-10T23:20:27.891Z,,2026-06-20T00:04:46.613Z
memecoin-2,meme,Memecoin,https://coin-images.coingecko.com/coins/images/32528/large/memecoin_%282%29.png?1698912168,0.00055317,35063824,577,38091018,9503989.0,0.00055858,0.00053516,6.69e-06,1.22343,427794.0,1.23511,63516387916.66666,69000000000.0,69000000000.0,0.056324,-99.02011,2024-03-04T17:30:21.569Z,0.00046386,18.98158,2026-05-28T12:25:43.677Z,,2026-06-20T00:05:04.473Z
ebtc-2,ebtc,eBTC,https://coin-images.coingecko.com/coins/images/102172176/large/eBTC.png?1772034448,63457.0,35041911,578,35041911,9138.07,63232.0,62179.0,660.67,1.05208,255423.0,0.73426,554.544668852,554.544668852,,82484.0,-23.39049,2026-05-06T11:35:21.653Z,59167.0,6.80018,2026-06-05T19:25:21.385Z,,2026-06-20T00:05:02.313Z
kgen,kgen,KGeN,https://coin-images.coingecko.com/coins/images/69816/large/kgen.png?1759733785,0.17583,34971094,580,176019153,2578036.0,0.188716,0.169852,0.00529487,3.10486,1019820.0,3.00378,198677778.0,1000000000.0,1000000000.0,0.649874,-72.909,2025-10-18T04:11:12.888Z,0.133931,31.45354,2026-04-02T09:35:39.942Z,,2026-06-20T00:04:54.025Z
anvil,anvl,Anvil,https://coin-images.coingecko.com/coins/images/50825/large/anvil.png?1744709012,0.00043087,34852222,581,42890061,84264.0,0.00043048,0.00041988,7.65e-06,1.80848,462106.0,1.34372,81259438322.55038,100000000000.0,100000000000.0,0.00929021,-95.36211,2025-01-04T02:16:12.801Z,2.512e-05,1614.94124,2025-10-11T13:10:55.207Z,,2026-06-20T00:04:44.796Z
zora,zora,Zora,https://coin-images.coingecko.com/coins/images/54693/large/zora.jpg?1741094751,0.00782424,34841549,582,77945299,13129466.0,0.00813296,0.00758259,-0.000219402029146731,-2.72765,-1003878.1303228438,-2.80058,4469999998.0,10000000000.0,10000000000.0,0.145579,-94.64309,2025-08-11T16:12:14.531Z,0.00758259,2.84798,2026-06-19T12:50:51.365Z,,2026-06-20T00:04:51.346Z
world-mobile-token,wmtx,World Mobile Token,https://coin-images.coingecko.com/coins/images/17333/large/Token_icon_round_1024.png?1741247846,0.0408272,34837551,583,81790310,4709585.0,0.04094902,0.03960848,0.00022682,0.55867,168056.0,0.48474,851874782.0,2000000000.0,2000000000.0,0.979732,-95.8259,2022-02-17T07:00:01.257Z,0.03909503,4.60406,2026-06-05T19:15:04.776Z,,2026-06-20T00:05:03.292Z
prize-protocol,prize,Prize Protocol,https://coin-images.coingecko.com/coins/images/102173006/large/PrizeProtocolLogoHighRes.png?1777125639,0.00076823,34587156,585,76718275,6835.2,0.00076746,0.00074748,4.69e-06,0.61433,149092.0,0.43293,45083333333.33333,99999997844.30664,100000000000.0,0.00085434,-10.20155,2026-06-14T21:50:06.891Z,0.00060995,25.77789,2026-06-05T19:20:20.669Z,,2026-06-20T00:05:02.830Z
hims-hers-health-ondo-tokenized-stock,himson,Hims & Hers Health (Ondo Tokenized Stock),https://coin-images.coingecko.com/coins/images/68553/large/himson_160x160.png?1756105686,35.12,34504347,584,34504347,5078.12,35.45,34.03,-0.021657038546607055,-0.06163,-27437.16322337091,-0.07945,982436.8220279907,982436.8220279907,,64.06,-45.17879,2025-10-15T19:19:34.923Z,14.04,150.16336,2026-02-24T14:57:22.011Z,,2026-06-20T00:04:46.151Z
siacoin,sc,Siacoin,https://coin-images.coingecko.com/coins/images/289/large/shard_transparent_200.png?1752867579,0.00069567,34482434,586,34482434,2775559.0,0.00070211,0.00068617,-4.320973848396e-06,-0.61729,-342988.4561302364,-0.98488,49751295000.0225,49751295000.0225,,0.092868,-99.25354,2018-01-06T00:00:00.000Z,1.262e-05,5392.45987,2015-12-28T00:00:00.000Z,"{'times': -0.9478410295334138, 'currency': 'btc', 'percentage': -94.78410295334137}",2026-06-20T00:05:04.278Z
marvell-technology-ondo-tokenized-stock,mrvlon,Marvell Technology (Ondo Tokenized Stock),https://coin-images.coingecko.com/coins/images/68560/large/mrvlon_160x160.png?1756105919,311.83,34195930,587,34195930,1266543.0,313.87,298.36,-1.1665573339801085,-0.37271,-142266.38366087526,-0.41431,109812.6858101587,109812.6858101587,,339.17,-8.18753,2026-06-03T04:25:33.634Z,62.45,398.67403,2025-09-02T16:00:14.755Z,,2026-06-20T00:04:46.195Z
irys,irys,Irys,https://coin-images.coingecko.com/coins/images/70808/large/irys.png?1764757341,0.01695196,33944421,591,169722103,4531460.0,0.01757095,0.01660739,-0.000206567861776318,-1.20388,-348821.54586508125,-1.01717,2000000000.0,10000000000.0,,0.084374,-79.89,2026-05-15T12:00:31.570Z,0.01652714,2.6656,2026-03-08T15:11:02.598Z,,2026-06-20T00:04:46.768Z
rekt-4,rekt,Rekt,https://coin-images.coingecko.com/coins/images/51727/large/rektcion_trans_200px.png?1731910587,8.0684e-08,33921600,588,33921600,338077.0,8.1501e-08,8.0209e-08,-2.60762113e-10,-0.32215,-309916.1560141668,-0.90535,420690000000000.0,420690000000000.0,420690000000000.0,1.41e-06,-94.29023,2025-08-08T18:38:01.345Z,3.1106e-08,159.22362,2025-03-13T18:02:06.181Z,,2026-06-20T00:04:51.066Z
midas-mhyper,mhyper,Midas mHYPER,https://coin-images.coingecko.com/coins/images/68298/large/mHYPER.png?1755286538,1.11,33879656,589,33879656,1073.24,1.11,1.1,0.00092759,0.08399,383704.0,1.14552,30652795.00325517,30652795.00325517,,1.11,0.0,2026-06-19T11:20:25.754Z,1.024,7.89663,2025-09-12T06:25:06.117Z,,2026-06-20T00:04:46.133Z
hermez-network-token,hez,Hermez Network,https://coin-images.coingecko.com/coins/images/12826/large/hermez_logo.png?1696512617,3.06,33850975,590,33850975,7397.69,3.06,3.03,0.00308791,0.10097,-1827.7922095134854,-0.0054,11065762.52483268,11065762.52483268,11078525.03928982,10.3,-70.40009,2021-12-26T21:51:13.032Z,0.883591,245.09898,2025-09-02T07:20:23.727Z,,2026-06-20T00:05:02.802Z
manifesting,manifest,Manifesting,https://coin-images.coingecko.com/coins/images/102173340/large/manifesting.jpg?1779374701,0.03766195,33784820,592,33784820,3437869.0,0.04269094,0.03669017,-0.004928428259881899,-11.57169,-4833978.092723511,-12.51716,899999066.192554,899999066.192554,1000000000.0,0.052059,-27.89164,2026-06-14T00:20:25.640Z,0.0058645,540.10099,2026-05-18T07:50:42.707Z,,2026-06-20T00:05:02.470Z
aintivirus,ainti,AIntivirus,https://coin-images.coingecko.com/coins/images/52368/large/ainti_tokenimg.png?1733242983,0.0337323,33723606,593,33723606,0.0,,,,,,,999742285.767957,999742285.767957,999998814.0,0.03412971,-1.1644,2025-05-01T15:00:06.901Z,1.163e-05,290011.46793,2025-01-09T14:10:14.869Z,,2026-06-15T03:08:48.102Z
orizon,ori,Orizon,https://coin-images.coingecko.com/coins/images/68075/large/IMG_0623.jpeg?1754716760,54.94,33672235,594,33698438,314545.0,55.78,54.58,-0.2525802395267007,-0.45759,1963.4,0.00583,612779.785235553,613256.634187725,,61.6,-10.79259,2026-06-10T13:40:27.080Z,52.78,4.10957,2025-08-14T06:54:26.109Z,,2026-06-20T00:04:46.073Z
cortex-2,cx,Cortex,https://coin-images.coingecko.com/coins/images/53285/large/CX_Round.png?1735994730,0.02474406,33516085,595,40573106,1001539.0,0.02718291,0.02045413,-0.000388968473974599,-1.54764,-763207.4034719653,-2.22644,1360192927.0,1646590000.0,1646590000.0,0.085724,-71.21864,2025-02-13T03:42:35.695Z,0.00270372,812.54196,2025-12-31T18:58:23.476Z,,2026-06-20T00:04:58.895Z
mimblewimblecoin,mwc,MimbleWimbleCoin,https://coin-images.coingecko.com/coins/images/9989/large/E5zZUXza_400x400.jpg?1696510026,3.04,33326940,596,33327860,73929.0,3.61,3.01,-0.25607317333041557,-7.77156,-2949280.229603555,-8.13006,11009458.06778802,11009761.76778801,20000000.0,38.81,-92.14502,2025-01-31T13:06:55.142Z,0.298733,920.51609,2019-12-05T00:00:00.000Z,,2026-06-20T00:04:47.052Z
burnedfi,burn,BurnedFi,https://coin-images.coingecko.com/coins/images/33995/large/IMG_9641.jpeg?1709180084,2.71,33318661,597,33318661,92993.0,2.8,2.63,-0.07312603805320173,-2.63152,-862340.709950041,-2.52287,12321640.755324224,12321640.755324224,21000000.0,10.25,-73.74997,2024-03-23T02:44:29.337Z,0.542183,396.30948,2024-11-15T12:35:33.565Z,,2026-06-20T00:05:04.772Z
coredaoorg,core,Core,https://coin-images.coingecko.com/coins/images/28938/large/file_589.jpg?1701868471,0.02683859,33254051,598,56378704,3935082.0,0.02785201,0.02573758,0.00067068,2.56299,844252.0,2.60493,1238650445.943395,2100000000.0,2100000000.0,6.14,-99.56332,2023-02-08T12:55:39.828Z,0.02340497,14.62432,2026-04-02T18:00:39.187Z,,2026-06-20T00:05:04.113Z
gensyn,ai,Gensyn,https://coin-images.coingecko.com/coins/images/71027/large/gensyn.png?1765331043,0.02532283,33052130,600,253336058,6207637.0,0.02687569,0.02428836,-4.3200592396528e-05,-0.17031,-44101.48523122445,-0.13325,1304675313.0,10000000000.0,10000000000.0,0.103372,-75.49094,2026-04-29T09:05:27.502Z,0.0218171,16.12708,2026-06-07T19:50:21.786Z,,2026-06-20T00:04:56.576Z
bim-2,bim,BIM,https://coin-images.coingecko.com/coins/images/54860/large/bim-fi.jpg?1742179842,1.1,33004943,599,33004943,195385.0,1.1,1.085,0.00127706,0.11618,28877.0,0.08757,30000000.0,30000000.0,30000000.0,3.07,-64.17351,2025-08-24T19:22:19.231Z,0.861976,27.63295,2025-04-09T01:31:48.624Z,,2026-06-20T00:05:02.780Z
mango-markets,mngo,Mango,https://coin-images.coingecko.com/coins/images/14773/large/token-mango.png?1696514442,0.02957923,32984548,601,147586230,437.64,0.03052639,0.02929515,-0.000603271506400122,-1.99875,-743235.538426388,-2.20363,1117466989.0,5000000000.0,5000000000.0,0.498845,-94.08115,2021-09-09T18:12:55.685Z,0.00147576,1900.72624,2025-12-18T09:10:23.294Z,,2026-06-20T00:05:02.912Z
resupply-usd,reusd,Resupply USD,https://coin-images.coingecko.com/coins/images/54836/large/reusd-icon-black-200px.png?1741970002,0.998624,32870607,602,32870607,17802.71,0.999201,0.997256,0.00060128,0.06025,61334.0,0.18694,32911935.31869907,32911935.31869907,,1.18,-15.72598,2025-09-15T01:51:30.324Z,0.959487,4.0768,2026-02-06T00:20:30.982Z,,2026-06-20T00:04:56.603Z
xtusd,xtusd,XT Stablecoin XTUSD,https://coin-images.coingecko.com/coins/images/26504/large/xt_%E6%96%B0logo_%E7%BB%BF.png?1758773481,0.999552,32782973,603,32782973,1891241.0,0.999978,0.998789,6.149e-05,0.00615,-6354.86525670439,-0.01938,32800030.0,32800030.0,32800030.0,42.29,-97.63679,2023-03-07T16:04:32.521Z,0.933136,7.10413,2023-03-09T01:40:31.883Z,,2026-06-20T00:05:03.974Z
bitget-wrapped-btc,bgbtc,Bitget Wrapped BTC,https://coin-images.coingecko.com/coins/images/102172988/large/20260423-114744.png?1777014158,63052.0,32730402,604,32730402,371.19,63949.0,62921.0,-877.8748389999964,-1.37319,-445744.1194919981,-1.34357,519.0,519.0,,82693.0,-23.73704,2026-05-06T11:25:20.812Z,59220.0,6.49096,2026-06-05T19:20:20.634Z,,2026-06-20T00:05:02.414Z
ore,ore,ORE,https://coin-images.coingecko.com/coins/images/36854/large/IMG_7340.png?1712633659,69.89,32727919,605,32728706,438221.0,69.68,65.6,1.43,2.09262,139448.0,0.4279,468866.0052575982,468877.2799271144,3000000.0,1451.62,-95.19988,2024-07-30T05:07:18.933Z,6.27,1010.51972,2025-09-25T13:56:13.711Z,,2026-06-20T00:05:04.768Z
noon-usn,usn,Noon USN,https://coin-images.coingecko.com/coins/images/53948/large/Copy_of_USN.png?1748952392,0.998371,32724093,606,32724093,4198.41,0.999081,0.998103,0.00022121,0.02216,475778.0,1.47536,32777318.7088615,32777318.7088615,,1.12,-10.83448,2026-03-02T15:01:10.047Z,0.988079,1.04519,2025-02-03T01:56:21.551Z,,2026-06-20T00:04:45.148Z
proprietary-trading-network,sn8,Proprietary Trading Network,https://coin-images.coingecko.com/coins/images/66345/large/sn8.png?1749239742,7.02,32715709,607,32715709,43303.0,7.25,6.57,-0.23125974887055278,-3.18825,-1123573.8717653453,-3.32032,4671061.84975977,4671061.84975977,21000000.0,25.24,-72.2453,2025-06-10T12:01:45.475Z,5.17,35.54455,2026-06-05T15:36:11.529Z,,2026-06-20T00:05:00.923Z
dmt-nat,nat,DMT-NAT,https://coin-images.coingecko.com/coins/images/69881/large/NAT.png?1759931358,8.3726e-08,32512676,608,32512676,1081631.0,8.6785e-08,7.9803e-08,2.795e-09,3.45299,991965.0,3.14703,388133597130973.0,388133597130973.0,,3.86688e-07,-78.33417,2026-04-21T05:35:05.856Z,2.672e-08,213.54569,2026-01-31T18:50:47.409Z,,2026-06-20T00:04:46.529Z
storx,srx,StorX,https://coin-images.coingecko.com/coins/images/16922/large/StorX_Logo_white_300x300-01.png?1696516493,0.053491,32476645,609,32476645,2065283.0,0.053841,0.053349,-0.000280106199362862,-0.52092,-180818.3578022197,-0.55368,607164229.83261,607164229.83261,1500000000.0,4.69,-98.85914,2021-09-19T23:12:26.488Z,0.00852373,527.67079,2023-01-31T10:30:04.896Z,,2026-06-20T00:05:03.091Z
sodax,soda,SODAX,https://coin-images.coingecko.com/coins/images/55710/large/sodax.jpg?1747127833,0.03005732,32455802,610,45079876,4.1,,,,,,,1079796981.755965,1499796981.755965,1500000000.0,0.096354,-68.80547,2026-01-02T03:34:31.556Z,0.01993252,50.79538,2026-04-07T15:15:07.956Z,,2026-06-18T19:01:45.391Z
cat-in-a-dogs-world,mew,cat in a dogs world,https://coin-images.coingecko.com/coins/images/36440/large/MEW.png?1711442286,0.0003657,32450949,611,32450949,4413855.0,0.00036974,0.00035473,-6.88119729458e-07,-0.18781,-140523.52647169307,-0.43117,88888888888.88,88888888888.88,88888888888.88,0.01288153,-97.16294,2024-11-17T16:03:04.829Z,0.00033339,9.61735,2026-06-10T23:20:45.973Z,,2026-06-20T00:05:04.975Z
terrausd,ustc,TerraClassicUSD,https://coin-images.coingecko.com/coins/images/12681/large/UST.png?1696512486,0.00582536,32443105,612,35370109,1316635.0,0.00599342,0.00580455,-0.000157009558248102,-2.62454,-891378.5534676202,-2.67404,5576313762.780845,6079406592.830688,,1.092,-99.46678,2021-01-11T22:30:57.984Z,0.00406362,43.27838,2026-02-06T00:26:24.223Z,,2026-06-20T00:05:02.825Z
pumpmeme,pm,PumpMeme,https://coin-images.coingecko.com/coins/images/68220/large/PUMPMEME%281%29.png?1755099304,1.013,32414883,616,101271143,124459.0,1.013,0.994398,0.00914381,0.911,281788.0,0.87694,32008015.0,100000000.0,100000000.0,1.32,-23.16759,2026-05-10T23:45:27.795Z,0.949643,6.6588,2026-06-05T19:25:27.539Z,,2026-06-20T00:04:54.283Z
ustbl-tokenized-u-s-treasury-bill,ustbl,USTBL,https://coin-images.coingecko.com/coins/images/70505/large/USTBL-.png?1762262680,1.056,32315954,613,32315954,7596.8,1.057,1.056,0.00044004,0.04167,1042.84,0.00323,30602175.99,30602175.99,,1.057,-0.12693,2026-06-12T07:25:26.773Z,0.04220509,2402.07249,2025-12-04T01:30:33.072Z,,2026-06-20T00:04:46.904Z
kelp-gain,ageth,Kelp Gain,https://coin-images.coingecko.com/coins/images/39677/large/Icon___Dark.png?1723610897,3239.91,32258310,617,31273910,12.83,,,,,,,9652.699923539258,9652.699923539258,,6715.15,-51.75219,2026-04-19T13:45:43.559Z,495.15,554.32782,2026-04-19T13:00:43.939Z,,2026-06-10T12:05:10.315Z
apro,at,Apro,https://coin-images.coingecko.com/coins/images/70222/large/apro.png?1761119633,0.14007,32216312,615,140070923,4868475.0,0.15456,0.139693,-0.001153860001776669,-0.81704,-141292.32376029342,-0.43666,230000000.0,1000000000.0,1000000000.0,0.85936,-83.7041,2025-10-24T10:21:10.463Z,0.079496,76.15987,2025-12-17T16:36:24.408Z,,2026-06-20T00:04:46.557Z
casper-network,cspr,Casper Network,https://coin-images.coingecko.com/coins/images/15279/large/Casper_Monogram_Favicon_White_on_Red_Circle_RGB_200px.png?1749832573,0.0019983,32159337,618,39230840,507449.0,0.00206359,0.00190214,-6.5291112839981e-05,-3.16396,-939253.2883995511,-2.83774,16048347967.0,19577212674.0,,1.33,-99.84896,2021-05-12T00:00:00.000Z,0.00190214,5.24547,2026-06-19T08:30:14.794Z,,2026-06-20T00:05:03.506Z
starpower,star,Starpower,https://coin-images.coingecko.com/coins/images/102173394/large/starpower.png?1779343117,0.172205,32040828,619,95244377,4705045.0,0.18117,0.163367,0.00589237,3.54294,734183.0,2.34513,186049421.0465065,553049421.0465065,,0.197555,-12.82573,2026-05-21T06:20:17.722Z,0.130621,31.84502,2026-05-27T10:40:40.829Z,,2026-06-20T00:05:02.488Z
wojak-5,wojak,wojak,https://coin-images.coingecko.com/coins/images/102172016/large/usz-J1DohLTr0BHrWVa5zpZ-JocyeixXhmlZT3ytjdOM9cn0aYq6PT8CeUjnGEKAkZSuNa8BW2KkSsCQvYFQe8A-bvqs_AibzILyjP8sIBtqPZu3gTFjLLCvB6WjlzXIrRrnd_Hlg-fKWlf9byXwsQBZqvJ_lC8OHuz351DVfntD30avGrTc3msIIsZzobmywtrwuesT.jpg?1770967858,1.04858e-07,32039879,614,32039879,2464149.0,1.05439e-07,8.3961e-08,1.876e-08,21.78962,5722536.0,21.74435,305913526061224.7,305913526061224.7,420690000000000.0,1.44689e-07,-27.72396,2026-05-12T07:00:42.599Z,1.3227e-08,690.65241,2026-03-28T20:15:33.647Z,,2026-06-20T00:05:02.317Z
liquity-bold-2,bold,BOLD,https://coin-images.coingecko.com/coins/images/56069/large/BOLD_logo.png?1748265087,0.998494,31956347,620,31956347,274303.0,0.999038,0.997678,0.00017913,0.01794,-229493.68332137913,-0.71303,32007906.31345354,32007906.31345354,,1.017,-1.80614,2026-03-23T11:14:53.833Z,0.982941,1.55592,2025-10-01T08:51:54.108Z,,2026-06-20T00:04:48.724Z
nirvana-ana-2,ana,Nirvana ANA,https://coin-images.coingecko.com/coins/images/67322/large/ANA_LOGO.png?1752400759,3.91,31943748,621,31943748,17.04,3.91,3.91,-0.000695624444681187,-0.01777,3594.68,0.01125,8161153.707921,8161153.707921,,5.25,-25.49937,2025-12-28T11:10:20.963Z,3.86,1.40804,2026-06-06T18:00:47.171Z,,2026-06-19T22:38:04.424Z
espresso,esp,Espresso,https://coin-images.coingecko.com/coins/images/67626/large/espresso.jpg?1753324525,0.06143,31934614,624,220238715,3209981.0,0.064988,0.06118,-0.002027979194847554,-3.19578,-1138585.9414496124,-3.44262,520550000.0,3590000000.0,,0.217368,-71.77233,2026-02-24T08:10:22.867Z,0.05223,17.47616,2026-02-15T19:15:15.233Z,,2026-06-20T00:04:46.119Z
paxos-standard,usdp,Pax Dollar,https://coin-images.coingecko.com/coins/images/6013/large/Pax_Dollar.png?1696506427,0.999359,31933557,622,31933557,5081665.0,0.999637,0.99894,-3.368620208666e-06,-0.00034,-185.31290204450488,-0.00058,31954027.03052443,31954027.03052443,,1.18,-15.63824,2024-04-16T16:20:21.365Z,0.863529,15.72954,2021-05-19T13:14:42.046Z,"{'times': -0.0006413787867826, 'currency': 'usd', 'percentage': -0.06413787867826}",2026-06-20T00:04:45.838Z
pha,pha,PHALA,https://coin-images.coingecko.com/coins/images/12451/large/phala.png?1696512270,0.0380071,31899828,623,37964228,14966518.0,0.03892606,0.0361718,-3.000776083361e-05,-0.07889,-54968.11544999853,-0.17202,840260162.646732,1000000000.0,1000000000.0,1.39,-97.27036,2021-05-15T04:20:32.741Z,0.02120268,79.03348,2026-03-01T20:41:27.308Z,,2026-06-20T00:05:03.071Z
dogelon-mars,elon,Dogelon Mars,https://coin-images.coingecko.com/coins/images/14962/large/6GxcPRo3_400x400.jpg?1696514622,3.1789e-08,31782650,625,31782650,4614120.0,3.214e-08,3.1366e-08,-1.57235952e-10,-0.49219,-165550.32963614166,-0.51818,1000000000000000.0,1000000000000000.0,1000000000000000.0,2.59e-06,-98.77448,2021-10-30T20:39:32.727Z,1.7563e-08,80.98135,2021-04-23T06:09:26.872Z,,2026-06-20T00:05:03.170Z
spiko-digital-assets-cash-carry-fund-euro-share-class,eurspkcc,Spiko Digital Assets Cash & Carry Fund - Euro Share Class,https://coin-images.coingecko.com/coins/images/71236/large/Fund_C_C_-_Euro.png?1766513734,1.14,31567156,626,31567156,0.0,1.14,1.14,0.00152006,0.13308,51636.0,0.16384,27600421.34969,27600421.34969,,1.2,-4.92368,2026-01-27T21:00:04.874Z,1.14,0.62101,2026-03-13T20:40:05.281Z,,2026-06-20T00:00:10.886Z
opengradient,opg,OpenGradient,https://coin-images.coingecko.com/coins/images/102172863/large/coingecko_logo.png?1776349115,0.166291,31484118,629,165705883,43670010.0,0.166966,0.146357,0.01993408,13.62018,3467425.0,12.37628,190000000.0,1000000000.0,1000000000.0,0.475875,-65.14616,2026-04-22T16:11:00.948Z,0.140385,18.1473,2026-06-10T11:30:42.797Z,,2026-06-20T00:05:02.465Z
deso,deso,Decentralized Social,https://coin-images.coingecko.com/coins/images/16310/large/deso-logo-refresh-white.png?1696515911,2.96,31414254,627,32238183,6013.25,3.03,2.87,0.089247,3.11229,1218105.0,4.03398,10532253.8854,10808492.6854,10808492.6854,198.68,-98.49879,2021-06-19T20:53:25.052Z,2.7,10.49316,2024-11-05T13:22:31.064Z,,2026-06-20T00:05:03.059Z
hashkey-ecopoints,hsk,HashKey Platform Token,https://coin-images.coingecko.com/coins/images/29779/large/HSKlogo.jpg?1719445510,0.091031,31410283,628,91054852,175360.0,0.091135,0.089098,0.00131784,1.46895,462912.0,1.4958,344960009.0,1000000000.0,1000000000.0,2.56,-96.44131,2024-12-20T01:52:30.716Z,0.084095,8.27421,2026-06-11T04:00:44.106Z,,2026-06-20T00:05:04.185Z
official-fo,fo,Official FO,https://coin-images.coingecko.com/coins/images/55682/large/fo.jpg?1746982885,0.242433,31227260,630,237037281,244925.0,0.249301,0.242318,-0.003638519434958243,-1.47865,-477946.66226534545,-1.50747,128844398.70223,978021305.47535,1000000000.0,0.830025,-70.79488,2025-09-28T09:54:45.813Z,0.163287,48.45612,2026-06-04T10:52:07.498Z,,2026-06-20T00:04:45.563Z
tokenised-gbp,tgbp,Tokenised GBP,https://coin-images.coingecko.com/coins/images/70647/large/tgbp-square.png?1762953800,1.32,31201876,631,31201876,142197.0,1.32,1.32,0.00093949,0.07109,21682.0,0.06954,23593229.35,23593229.35,,1.38,-4.35429,2026-01-29T14:56:28.851Z,1.3,1.68873,2026-04-13T11:45:27.738Z,,2026-06-20T00:04:53.742Z
tradable-latam-bnpl-sstn,pc0000027,Tradable LatAm BNPL SSTN,https://coin-images.coingecko.com/coins/images/66793/large/tradable.jpg?1750576283,1.0,30950000,632,30950000,0.0,1.0,1.0,0.0,0.0,0.0,0.0,30950000.0,30950000.0,100000000.0,1.0,0.0,2025-07-03T10:25:01.609Z,1.0,0.0,2025-07-03T10:25:01.609Z,,2026-06-20T00:00:13.054Z
hive_dollar,hbd,Hive Dollar,https://coin-images.coingecko.com/coins/images/10855/large/w_q7vezk_400x400.jpg?1696510810,0.936192,30899904,633,30899904,93.62,,,,,,,33005963.236,33005963.236,,3.97,-76.44646,2021-02-01T02:39:07.394Z,0.424305,120.64104,2020-04-06T08:34:42.260Z,,2026-06-18T14:23:24.488Z
just-a-frog,frog,just a frog,https://coin-images.coingecko.com/coins/images/71669/large/usa6gfx8jfwycuxqbkiarbg9bs7s.?1768830327,0.03058609,30585003,635,30585003,0.0,,,,,,,999964397.198922,999964397.198922,1000000000.0,0.169194,-81.92246,2026-01-19T18:16:11.847Z,0.03009011,1.64833,2026-02-04T00:21:14.554Z,,2026-06-14T22:05:45.940Z
icon,icx,ICON,https://coin-images.coingecko.com/coins/images/1060/large/ICON-symbol-coingecko_latest.png?1706638336,0.0279435,30571069,634,30896086,1021956.0,0.02857707,0.02727097,0.00040778,1.48092,368420.0,1.21983,1097128059.080058,1108792174.218095,,13.16,-99.78756,2018-01-09T00:00:00.000Z,0.02684617,4.17608,2026-06-18T16:00:45.390Z,"{'times': -0.7459681378571068, 'currency': 'usd', 'percentage': -74.59681378571068}",2026-06-20T00:05:02.702Z
olaxbt,aio,OlaXBT,https://coin-images.coingecko.com/coins/images/67822/large/olaxbt.jpg?1753948689,0.132508,30488292,637,132413865,1947459.0,0.135812,0.115699,0.00925513,7.50904,2139975.0,7.54886,230250000.0,1000000000.0,1000000000.0,0.231125,-42.6896,2026-06-11T18:16:06.271Z,0.04432987,198.80244,2025-08-02T10:19:48.839Z,,2026-06-20T00:04:46.172Z
stargate-finance,stg,Stargate Finance,https://coin-images.coingecko.com/coins/images/24413/large/STG_LOGO.png?1696523595,0.218944,30486317,636,30486317,25552116.0,0.226936,0.211477,-0.000579315092417071,-0.2639,-11249.079041544348,-0.03689,139396807.17714846,139396807.17714846,1000000000.0,4.14,-94.71973,2022-04-02T00:00:00.000Z,0.104476,109.31251,2025-12-31T19:01:22.813Z,,2026-06-20T00:05:03.708Z
openeden-open-dollar,usdo,OpenEden OpenDollar,https://coin-images.coingecko.com/coins/images/53750/large/USDO_LOGO-white.png?1737181887,0.998614,30240973,639,30240973,3772.41,0.998662,0.995898,0.0014493,0.14534,46630.0,0.15443,30282792.14797076,30282792.14797076,,2.97,-66.37062,2025-04-21T03:25:39.728Z,0.969341,3.0236,2025-07-17T08:20:59.666Z,,2026-06-20T00:04:57.619Z
swarm-network,truth,Swarm Network,https://coin-images.coingecko.com/coins/images/69599/large/truth.png?1759208403,0.01446299,30231825,638,144975533,1731316.0,0.01611074,0.01451204,-0.001456339748645816,-9.14825,-2955992.990290489,-8.90686,2085305300.0,10000000000.0,10000000000.0,0.050079,-71.04929,2025-11-10T04:43:04.039Z,0.00843804,71.81965,2026-01-01T10:01:30.831Z,,2026-06-20T00:04:57.925Z
nasdaq-xstock,qqqx,Nasdaq xStock,https://coin-images.coingecko.com/coins/images/66696/large/QQQx.png?1750266952,741.72,30231695,640,188580444,1304686.0,741.71,734.67,1.082,0.14615,40797.0,0.13513,40762.34565493549,254268.9472527234,,2014.76,-63.18799,2025-07-06T02:59:42.252Z,543.74,36.40154,2025-07-07T22:00:22.564Z,,2026-06-20T00:04:45.926Z
book-of-meme,bome,BOOK OF MEME,https://coin-images.coingecko.com/coins/images/36071/large/bome.png?1710407255,0.0004379,30149825,641,30149825,10596765.0,0.00045392,0.00041886,-9.17763005697e-06,-2.05278,-746763.2360406779,-2.41698,68999659569.0,68999659569.0,68999659569.0,0.02688878,-98.37297,2024-03-16T13:51:17.648Z,5.848e-05,648.06634,2024-03-14T10:17:29.365Z,,2026-06-20T00:05:04.881Z
rocket-pool,rpl,Rocket Pool,https://coin-images.coingecko.com/coins/images/2090/large/rocket_pool_%28RPL%29.png?1696503058,1.33,30109700,643,30109700,1225916.0,1.36,1.32,-0.02040216590495647,-1.50656,-465193.37840764225,-1.52149,22535094.65392216,22535094.65392216,,61.9,-97.84354,2023-04-16T19:20:19.534Z,0.00884718,14987.31985,2018-08-28T00:00:00.000Z,,2026-06-20T00:05:03.462Z
baseline,b,Baseline,https://coin-images.coingecko.com/coins/images/102172966/large/baseline-logo.png?1776870681,2.4,30104715,642,50263783,569.5,2.4,2.38,0.01390942,0.58416,162300.0,0.54204,12577625.0,21000000.0,21000000.0,3.32,-28.00162,2026-05-11T06:35:40.890Z,2.1,14.22015,2026-06-06T05:05:41.116Z,,2026-06-20T00:05:02.478Z
iota-2,sn9,iota,https://coin-images.coingecko.com/coins/images/66330/large/sn9.png?1749231911,6.89,30007608,644,30007608,222582.0,7.08,6.7,-0.1597588234427434,-2.26717,-759395.0373965353,-2.46821,4368623.886258559,4368623.886258559,21000000.0,20.55,-66.5744,2025-06-10T06:41:22.119Z,3.67,87.21759,2026-02-11T16:50:39.855Z,,2026-06-20T00:05:00.449Z
the-innovation-game,tig,The Innovation Game,https://coin-images.coingecko.com/coins/images/50669/large/tiglogo-clean_200x200.png?1739955821,1.003,29765674,645,49133253,616868.0,1.01,0.892688,0.107174,11.96986,3240806.0,12.21799,29637979.493279316,48922472.15034636,131040000.0,4.3,-76.66526,2024-12-02T03:15:45.258Z,0.116623,761.37075,2025-05-26T17:55:47.832Z,,2026-06-20T00:04:58.769Z
zerobase,zbt,ZEROBASE,https://coin-images.coingecko.com/coins/images/69446/large/zbt.png?1758621515,0.121434,29710640,646,121271785,11655501.0,0.130845,0.120703,-0.002677129893517607,-2.15704,-777700.0195602365,-2.55081,244992188.30119348,1000000000.0,1000000000.0,1.025,-88.16773,2025-10-17T11:14:48.917Z,0.058269,108.16364,2026-02-06T00:22:07.135Z,,2026-06-20T00:04:46.512Z
synapse-2,syn,Synapse,https://coin-images.coingecko.com/coins/images/18024/large/synapse_social_icon.png?1696517540,0.137806,29704118,648,33898513,68589848.0,0.15072,0.111407,0.0013988,1.02546,-229953.0003467314,-0.7682,219066529.0,250000000.0,250000000.0,4.92,-97.24039,2021-10-24T00:24:41.805Z,0.02738298,395.36726,2026-06-11T02:30:31.818Z,,2026-06-20T00:05:03.372Z
orbs,orbs,Orbs,https://coin-images.coingecko.com/coins/images/4630/large/Orbs.jpg?1696505200,0.00594499,29632625,649,59698675,1592059.0,0.00602286,0.00580292,6.869e-05,1.1689,276695.0,0.94255,4963699023.017301,10000000000.0,10000000000.0,0.360443,-98.34417,2021-03-16T10:14:34.928Z,0.00469039,27.24566,2019-12-20T09:02:40.254Z,,2026-06-20T00:04:51.582Z
wiki-cat,wkc,Wiki Cat,https://coin-images.coingecko.com/coins/images/26037/large/Wiki-Logo.png?1696525114,5.5438e-08,29389488,647,29389429,149106.0,5.5328e-08,5.239e-08,1.711e-09,3.18512,506630.0,1.75408,537264352565649.4,537263276185017.4,853003865345185.0,4.64579e-07,-88.21978,2025-08-20T00:36:26.283Z,5.6845e-11,96177.0789,2022-12-17T02:31:47.142Z,,2026-06-20T00:05:03.711Z
backed-cspx-core-s-p-500,bcspx,Backed CSPX Core S&P 500,https://coin-images.coingecko.com/coins/images/31891/large/bCSPX_200p.png?1740041074,806.14,29318356,650,29318356,0.587603,806.14,805.84,0.29999,0.03723,10910.28,0.03723,36368.8137062251,36368.8137062251,,819.18,-1.59184,2026-06-02T20:36:03.574Z,433.76,85.84932,2023-10-27T15:00:01.859Z,,2026-06-20T00:05:04.343Z
across-protocol,acx,Across Protocol,https://coin-images.coingecko.com/coins/images/28161/large/across-200x200.png?1696527165,0.04083273,28759343,658,40813214,1581293.0,0.04073204,0.03957615,0.00061921,1.53981,421071.0,1.48588,704657633.0,1000000000.0,1000000000.0,1.69,-97.5881,2024-12-06T13:25:33.957Z,0.03124001,30.3842,2026-02-28T10:10:18.485Z,,2026-06-20T00:05:04.179Z
mezo-usd,musd,Mezo USD,https://coin-images.coingecko.com/coins/images/66938/large/37163_%281%29.png?1757476797,0.998526,28742994,651,28742994,45792.0,0.998763,0.997511,0.00066517,0.06666,19883.89,0.06923,28786679.12178576,28786679.12178576,,1.1,-9.49119,2026-04-14T02:55:45.603Z,0.963531,3.62407,2025-11-04T21:36:56.656Z,,2026-06-20T00:04:58.287Z
momentum-3,mmt,Momentum,https://coin-images.coingecko.com/coins/images/69899/large/4_icon_PFP_RGB.png?1762090516,0.140975,28739505,657,140814057,4757477.0,0.145887,0.138192,-0.00188356243788193,-1.31848,-577879.1246613339,-1.97111,204095424.0,1000000000.0,1000000000.0,4.03,-96.5063,2025-11-04T22:56:36.234Z,0.0999,40.89932,2026-06-06T05:05:25.617Z,,2026-06-20T00:04:49.083Z
bancor,bnt,Bancor Network,https://coin-images.coingecko.com/coins/images/736/large/Bancor_Token.png?1710479159,0.266389,28732047,652,28732047,53063.0,0.269298,0.265183,-0.002883551154729602,-1.07087,-311143.86298724264,-1.07131,107867713.4325984,107867713.4325984,110542364.6372305,10.72,-97.51421,2018-01-09T00:00:00.000Z,0.120935,120.25322,2020-03-13T02:29:21.245Z,,2026-06-20T00:04:47.041Z
changenow,now,ChangeNOW,https://coin-images.coingecko.com/coins/images/8224/large/now_for_coingecko.png?1755228974,0.343329,28722225,654,33532594,2181.46,0.343678,0.339061,0.00092419,0.26991,90604.0,0.31645,83592578.66538163,97592578.66538163,200000000.0,0.722212,-52.42321,2026-01-15T11:00:41.579Z,0.00019912,172460.2868,2019-12-19T22:35:40.561Z,,2026-06-20T00:04:47.012Z
ozapay,oza,Ozapay,https://coin-images.coingecko.com/coins/images/69784/large/OZAPAY_TOKEN.png?1759652625,0.03780528,28716509,655,37687636,36.1,0.03851298,0.03718997,-0.000422325966762942,-1.10477,-309373.0932845548,-1.06585,759590013.81,996888289.01,996889071.62,0.04832055,-21.76149,2026-03-19T15:20:13.242Z,0.01204779,213.79424,2026-05-18T07:10:25.771Z,,2026-06-19T23:06:06.001Z
nosana,nos,Nosana,https://coin-images.coingecko.com/coins/images/22553/large/POfb_I4u_400x400.jpg?1696521873,0.286443,28639364,656,28639364,335815.0,0.301981,0.286392,-0.015149161370176079,-5.02306,-1522858.1760702282,-5.04889,99999724.34878,99999724.34878,100000000.0,7.83,-96.34286,2024-03-06T19:15:02.968Z,0.01046656,2636.80657,2023-10-23T22:44:28.893Z,,2026-06-20T00:05:03.440Z
status,snt,Status,https://coin-images.coingecko.com/coins/images/779/large/status.png?1696501931,0.00722785,28624511,661,49182396,434067.0,0.00726037,0.00689623,1.867e-05,0.25894,77184.0,0.27037,3960483788.3096976,6804870174.0,,0.684918,-98.94562,2018-01-03T00:00:00.000Z,0.00592935,21.79533,2020-03-13T02:10:36.877Z,,2026-06-20T00:04:46.976Z
iotex,iotx,IoTeX,https://coin-images.coingecko.com/coins/images/3334/large/20250731-171811.png?1754021073,0.00302897,28591241,660,28591241,2600590.0,0.00309308,0.00296388,-4.3128873613559e-05,-1.40389,-419669.7390117869,-1.44659,9441368550.0,9441368555.0,10000000000.0,0.255593,-98.81676,2021-11-13T16:54:18.643Z,0.00121576,148.75525,2020-03-13T02:29:47.597Z,,2026-06-20T00:05:04.637Z
america-party-5,america,America Party,https://coin-images.coingecko.com/coins/images/67195/large/1000280651.jpg?1752055373,6.7957e-08,28588839,659,28588839,3.86,6.8295e-08,6.6993e-08,-7.7773875e-11,-0.11431,-44955.03170434013,-0.157,420690000000000.0,420690000000000.0,420690000000000.0,1.53e-06,-95.55166,2025-07-14T04:40:51.402Z,3.3091e-08,105.36648,2025-09-02T07:59:49.784Z,,2026-06-20T00:04:45.947Z
monerium-eur-money-2,eure,Monerium EUR emoney,https://coin-images.coingecko.com/coins/images/54303/large/eure.jpg?1739167959,1.15,28528585,653,28528585,510994.0,1.16,1.14,0.00566331,0.49406,-502302.17735257,-1.73023,25000247.920641,25000247.920641,,1.22,-5.54215,2025-08-22T18:56:04.460Z,1.037,10.81621,2025-03-02T17:11:14.047Z,,2026-06-20T00:04:48.306Z
nkyc-token,nkyc,NKYC Token,https://coin-images.coingecko.com/coins/images/30337/large/NKYC-Logo.png?1696529238,7.11,28446464,662,28446464,348896.0,7.19,6.98,-0.06499843014838103,-0.90586,-255399.87892313674,-0.88984,4000000.0,4000000.0,21000000.0,35.51,-79.96758,2024-12-04T10:27:25.121Z,4.28,66.01293,2023-10-04T18:08:28.472Z,,2026-06-20T00:05:04.303Z
deapcoin,dep,DEAPCOIN,https://coin-images.coingecko.com/coins/images/10970/large/DEAPcoin_01.png?1696510917,0.00103031,28342325,663,30779047,124987.0,0.00103579,0.00101227,3.1576e-08,0.00306,21133.0,0.07462,27526332268.328953,29892900001.328953,30000000000.0,0.07894,-98.69523,2021-11-24T23:45:00.680Z,0.00068582,50.18421,2023-10-18T05:25:38.729Z,,2026-06-20T00:05:02.694Z
infinifi-locked-iusd-1week,liusd,infiniFi Locked iUSD (1week),https://coin-images.coingecko.com/coins/images/69238/large/liUSDlogo.png?1757948887,1.16,28323175,665,28323175,105.84,,,,,,,24416356.238538843,24416356.238538843,,1.22,-4.59217,2025-10-10T21:36:30.929Z,1.067,8.68848,2025-09-28T23:22:33.617Z,,2026-05-24T11:17:26.717Z
constitutiondao,people,ConstitutionDAO,https://coin-images.coingecko.com/coins/images/20612/large/GN_UVm3d_400x400.jpg?1696520017,0.00559194,28315994,669,28315994,4262249.0,0.00574763,0.00545727,-8.1176361155868e-05,-1.43089,-437509.9130830839,-1.52159,5066374892.014003,5066374892.014003,,0.185022,-96.98874,2021-12-23T05:59:19.861Z,0.0009194,505.99246,2021-11-21T11:33:21.508Z,,2026-06-20T00:05:03.547Z
waves,waves,Waves,https://coin-images.coingecko.com/coins/images/425/large/waves.png?1696501700,0.282106,28270783,664,28270783,12604817.0,0.306428,0.264766,0.01433714,5.35429,1591259.0,5.96435,100000000.0,100000000.0,,61.3,-99.53538,2022-03-31T14:34:44.545Z,0.130878,117.62582,2016-08-02T00:00:00.000Z,"{'times': 0.5005656223732096, 'currency': 'usd', 'percentage': 50.05656223732096}",2026-06-20T00:04:52.159Z
band-protocol,band,Band,https://coin-images.coingecko.com/coins/images/9545/large/Band_Token.png?1754368504,0.159066,28255333,666,28305763,2711357.0,0.162179,0.156074,-0.00182930128212308,-1.13695,-82997.0096646063,-0.29288,177630896.827592,177947931.279513,,22.83,-99.30311,2021-04-15T12:04:11.270Z,0.155752,2.14527,2026-06-18T16:00:08.748Z,"{'times': -0.6637091048056923, 'currency': 'usd', 'percentage': -66.37091048056924}",2026-06-20T00:04:47.085Z
swftcoin,swftc,SWFTCOIN,https://coin-images.coingecko.com/coins/images/2346/large/SWFTCoin.jpg?1696503223,0.00282465,28213484,667,28213484,541045.0,0.002888,0.00278117,-6.735229823985e-06,-0.23788,-72933.41282435134,-0.25784,10000000000.0,10000000000.0,10000000000.0,0.04665833,-93.95336,2025-02-01T03:26:27.708Z,0.00046438,507.53454,2020-03-13T02:24:45.240Z,,2026-06-20T00:05:03.527Z
neiro-3,neiro,Neiro,https://coin-images.coingecko.com/coins/images/39488/large/neiro.jpg?1731449567,6.72e-05,28175588,673,28175588,7714278.0,6.82e-05,6.419e-05,3.7152e-08,0.05532,-99737.96478754655,-0.35274,420690000000.0,420690000000.0,420690000000.0,0.00301761,-97.77519,2024-11-12T08:05:49.038Z,2.44e-06,2653.2666,2024-08-01T07:00:23.692Z,,2026-06-20T00:05:05.275Z
yei-finance,clo,Yei Finance,https://coin-images.coingecko.com/coins/images/69987/large/CLO.png?1760503082,0.21735,28143929,668,218001001,18718654.0,0.224878,0.1689,0.01508742,7.45933,2270434.0,8.77513,129100000.0,1000000000.0,1000000000.0,0.910057,-76.07244,2026-01-13T04:18:19.583Z,0.053637,305.97519,2026-02-06T13:11:27.936Z,,2026-06-20T00:04:46.628Z
uquid-coin,uqc,Uquid Coin,https://coin-images.coingecko.com/coins/images/1341/large/uquid-coin.png?1696502403,2.8,28046793,670,112187171,25585.0,2.81,2.77,0.00925718,0.33116,92646.0,0.33142,10000000.0,40000000.0,,41.38,-93.22192,2023-11-24T05:49:47.363Z,0.02606502,10660.59284,2019-07-24T00:00:00.000Z,"{'times': 0.7529199381056194, 'currency': 'usd', 'percentage': 75.29199381056193}",2026-06-20T00:05:03.022Z
liquity-usd,lusd,Liquity USD,https://coin-images.coingecko.com/coins/images/14666/large/Group_3.png?1696514341,1.005,28041439,671,28041439,53378.0,1.007,1.004,-0.001499468975453055,-0.14895,-46012.421469300985,-0.16382,27899899.59010763,27899899.59010763,,1.16,-13.21637,2021-04-05T14:47:52.665Z,0.896722,12.10119,2022-01-27T09:42:06.510Z,,2026-06-20T00:05:03.126Z
atomone,atone,AtomOne,https://coin-images.coingecko.com/coins/images/33230/large/atomone_200x200.jpg?1737579596,0.20838,27999233,672,30451226,10177.79,0.215723,0.204343,-0.005975631417367566,-2.78772,-882006.4431034923,-3.05391,134834142.558051,146642054.218051,,16.99,-98.77543,2025-10-01T20:56:46.952Z,0.148095,40.51222,2025-09-04T06:57:38.524Z,,2026-06-20T00:05:04.633Z
spacex-xstocks,spcxx,SpaceX xStock,https://coin-images.coingecko.com/coins/images/102173688/large/SPCXx.png?1780961372,179.95,27794924,674,222997818,13781901.0,183.66,177.36,-0.9116281903602612,-0.50405,-284599.0500339605,-1.01355,154486.9768439475,1239444.260453334,,220.97,-18.5782,2026-06-16T14:05:43.646Z,158.64,13.41319,2026-06-12T16:15:40.470Z,,2026-06-20T00:05:02.647Z
myx-finance,myx,MYX Finance,https://coin-images.coingecko.com/coins/images/55506/large/myx.jpg?1746434335,0.145311,27793134,675,145690035,16526439.0,0.160165,0.135623,0.00968802,7.14333,2045894.0,7.94607,190768939.69,1000000000.0,1000000000.0,19.03,-99.23518,2025-09-11T03:15:27.945Z,0.04700553,209.7083,2025-06-19T17:36:45.581Z,,2026-06-20T00:04:45.644Z
apex-4,ap3x,APEX,https://coin-images.coingecko.com/coins/images/55180/large/bAP3X_128.png?1769711330,0.01677471,27704591,676,50298079,2913.97,0.01707473,0.016646,-0.000265150701955926,-1.55606,-450443.1435619779,-1.59987,1652424358.0,3000000000.0,3000000000.0,0.251385,-93.32723,2025-04-21T03:07:24.997Z,0.01514933,10.72674,2026-04-07T14:20:07.182Z,,2026-06-20T00:04:58.758Z
bora,bora,BORA,https://coin-images.coingecko.com/coins/images/7646/large/mqFw8hxm_400x400.jpeg?1696507900,0.02396453,27670537,677,28942745,155754.0,0.02440555,0.02373567,-4.629049740704e-05,-0.19279,-240542.69792155921,-0.86182,1152750000.0,1205750000.0,1205750000.0,1.61,-98.50862,2021-11-25T00:10:02.143Z,0.00482732,397.29534,2020-02-15T17:49:05.317Z,,2026-06-20T00:04:46.952Z
auction,auction,Bounce,https://coin-images.coingecko.com/coins/images/13860/large/1_KtgpRIJzuwfHe0Rl0avP_g.jpeg?1696513606,3.73,27642498,678,28464376,5880071.0,3.74,3.68,0.02115022,0.5695,63860.0,0.23156,7420409.148028981,7641035.648362741,10000000.0,70.44,-94.7106,2021-04-12T04:15:39.424Z,3.16,18.02944,2025-10-10T21:28:43.801Z,,2026-06-20T00:05:02.953Z
b3,b3,B3 (Base),https://coin-images.coingecko.com/coins/images/54287/large/B3.png?1739001374,0.00059026,27528636,682,59288600,5884503.0,0.00061404,0.00057625,-1.6700297428582e-05,-2.75145,-663732.9837425761,-2.3543,46431583333.0,100000000000.0,100000000000.0,0.01828807,-96.75857,2025-02-12T00:45:46.101Z,0.00025351,133.8389,2026-04-29T20:00:24.928Z,,2026-06-20T00:05:04.266Z
spiko-amundi-overnight-swap-fund-gbp,gbpsafo,Spiko Amundi Overnight Swap Fund (GBP),https://coin-images.coingecko.com/coins/images/102172592/large/Fund_gbpSAFO.png?1774104818,1.34,27508671,679,27508671,0.0,1.34,1.33,0.00368342,0.27596,339962.0,1.2513,20552706.35516,20552706.35516,,1.37,-2.62636,2026-05-11T15:30:08.286Z,1.33,0.55118,2026-06-19T05:20:05.681Z,,2026-06-19T23:50:02.253Z
ardor,ardr,Ardor,https://coin-images.coingecko.com/coins/images/525/large/Ardor_Vertical_1.png?1696501746,0.02751481,27445884,681,27445884,131777.0,0.02775434,0.02694289,3.928e-05,0.14295,-7149.22957322374,-0.02604,998466231.0,998466231.0,,2.04,-98.6547,2018-01-13T00:00:00.000Z,0.008745,214.37706,2016-12-06T00:00:00.000Z,,2026-06-20T00:04:45.190Z
venom,venom,Venom,https://coin-images.coingecko.com/coins/images/28660/large/Venom_Icon.png?1696527645,0.011867,27437794,680,87430680,91203.0,0.01277615,0.01188918,-0.000805545767890237,-6.35662,-1862910.9335808046,-6.3579,2312139888.524194,7367646470.547814,8000000000.0,0.782403,-98.48307,2024-03-25T11:36:14.849Z,0.01165146,1.86296,2026-06-14T12:50:42.325Z,,2026-06-20T00:05:04.073Z
renzo,rez,Renzo,https://coin-images.coingecko.com/coins/images/37327/large/renzo_200x200.png?1714025012,0.00317189,27348431,683,31135077,4912203.0,0.00318797,0.00308203,1.685e-05,0.53393,172183.0,0.63358,8620974689.040634,9814629224.12962,10000000000.0,0.278213,-98.85952,2024-04-30T11:50:54.665Z,0.00265163,19.66114,2026-02-28T10:11:14.983Z,,2026-06-20T00:05:04.859Z
mass-vehicle-ledger,mvl,MVL,https://coin-images.coingecko.com/coins/images/3476/large/CoinGecko.png?1711620384,0.00097067,27261203,684,29415434,43387.0,0.00099893,0.00096643,-1.05173835327e-05,-1.0719,-8934.453693300486,-0.03276,27802958863.1,30000000000.0,30000000000.0,0.06973,-98.59376,2021-04-02T23:40:00.738Z,0.0001466,568.85953,2020-03-13T02:04:01.608Z,"{'times': -0.5955528711460257, 'currency': 'usd', 'percentage': -59.55528711460257}",2026-06-20T00:05:04.549Z
funfair,fun,FUNToken,https://coin-images.coingecko.com/coins/images/761/large/FUN.png?1696501914,0.00256506,27230284,685,28260506,348621.0,0.00257179,0.00225403,0.00026347,11.44748,2832716.0,11.61065,10598879189.265394,10999873621.0,,0.191066,-98.65516,2018-01-08T00:00:00.000Z,0.00031089,726.50392,2026-04-23T11:44:59.959Z,,2026-06-20T00:04:46.968Z
hyperlane,hyper,Hyperlane,https://coin-images.coingecko.com/coins/images/55298/large/Hyperlane.png?1745248900,0.080228,27125980,686,64758695,20844964.0,0.082177,0.077096,0.00309909,4.01804,1044180.0,4.00348,338174017.0,807333335.0000001,1000000000.0,0.664052,-87.91465,2025-07-11T00:21:55.008Z,0.060595,32.44083,2026-06-06T05:00:26.638Z,,2026-06-20T00:04:46.507Z
coti,coti,COTI,https://coin-images.coingecko.com/coins/images/2962/large/Coti.png?1696503705,0.00937871,27076837,687,27077136,2994522.0,0.0096266,0.0092843,-0.000145359550848139,-1.52623,-437798.0820790678,-1.59115,2887879946.058416,2887911877.75306,4910000000.0,0.668634,-98.60155,2021-09-29T11:39:21.397Z,0.00556342,68.0713,2019-11-07T10:29:26.372Z,"{'times': -0.8557120912496132, 'currency': 'usd', 'percentage': -85.57120912496131}",2026-06-20T00:05:04.191Z
giggle-fund,giggle,Giggle Fund,https://coin-images.coingecko.com/coins/images/69414/large/giggle-fund.jpg?1758541887,26.9,26890350,689,26890350,6571063.0,27.47,26.37,-0.536573235709227,-1.95576,-545914.816520758,-1.98976,1000000.0,1000000.0,1000000.0,274.54,-90.20319,2025-10-25T04:05:48.420Z,8.64,211.21936,2025-09-25T16:01:24.440Z,,2026-06-20T00:04:54.339Z
illuvium,ilv,Illuvium,https://coin-images.coingecko.com/coins/images/14468/large/logo-200x200.png?1696514154,3.26,26806482,688,31049279,3364163.0,3.26,3.17,0.0212003,0.65529,-47042.29413028434,-0.17518,8285643.956533425,9597054.613014877,,1911.26,-99.83062,2021-11-30T15:18:57.382Z,3.12,3.90762,2026-06-06T05:05:41.863Z,,2026-06-20T00:05:03.022Z
autonomi,ant,Autonomi,https://coin-images.coingecko.com/coins/images/54388/large/Autonomi_Icon_Coin_200x200.png?1740037316,0.079648,26734340,690,95645905,431604.0,0.079714,0.075005,0.00454474,6.05132,1516846.0,6.01505,335416431.9175304,1200000000.0,1200000000.0,0.330726,-75.9015,2025-02-25T11:11:51.438Z,0.00289017,2657.61779,2025-08-10T06:22:03.512Z,,2026-06-20T00:04:46.145Z
snek,snek,Snek,https://coin-images.coingecko.com/coins/images/30496/large/Snek-Square-BG_200x200.png?1768638178,0.00035685,26638832,691,26830055,2725204.0,0.0003749,0.00034481,-1.7556265739407e-05,-4.68908,-1330691.6991515532,-4.75765,74707144960.0,75243418467.0,76715880000.0,0.00895508,-96.018,2024-12-05T11:50:53.994Z,0.00013847,157.52521,2023-10-20T02:25:36.411Z,,2026-06-20T00:05:04.334Z
monerium-eur-money,eure,Monerium EUR emoney [OLD],https://coin-images.coingecko.com/coins/images/23354/large/eur.png?1696522569,1.15,26609214,692,26609214,663336.0,1.15,1.14,-0.001959051516772004,-0.17066,-416476.71690512076,-1.54104,23222410.11313884,23222410.11313884,,1.21,-5.37866,2026-01-27T23:45:59.640Z,0.951958,20.3662,2022-09-06T17:31:09.870Z,,2026-06-20T00:05:03.410Z
victoria-vr,vr,Victoria VR,https://coin-images.coingecko.com/coins/images/21178/large/vvr_logo_black_200x200px_%281%29.png?1768982583,0.0015805,26550268,693,26550268,1013937.0,0.00161928,0.00151036,3.509e-05,2.2709,585888.0,2.25651,16800000000.0,16800000000.0,16800000000.0,0.615957,-99.74343,2021-12-10T18:45:35.946Z,0.00136785,15.53684,2026-04-14T11:10:44.118Z,,2026-06-20T00:05:03.408Z
hive,hive,Hive,https://coin-images.coingecko.com/coins/images/10840/large/logo_transparent_4x.png?1696510797,0.04827981,26541113,694,53958553,1552675.0,0.050031,0.0476391,-0.001691983910008438,-3.38588,-963332.656349197,-3.50246,550140465.0,1118445313.0,,3.41,-98.5837,2021-11-26T01:46:11.175Z,0.04532276,6.4908,2026-06-09T16:40:45.463Z,,2026-06-20T00:05:02.766Z
merlin-chain,merl,Merlin Chain,https://coin-images.coingecko.com/coins/images/37118/large/merlin.jpeg?1713352230,0.02019246,26469959,695,42306384,3173406.0,0.02127894,0.01994594,-0.000638144162779027,-3.06349,-158653.84102440253,-0.5958,1313913132.0,2100000000.0,2100000000.0,1.45,-98.61006,2024-04-19T11:41:13.943Z,0.01815121,11.03515,2026-06-10T21:15:24.198Z,,2026-06-20T00:05:04.938Z
catizen,cati,Catizen,https://coin-images.coingecko.com/coins/images/50236/large/cati.png?1726638258,0.058639,26462094,696,58318885,5242019.0,0.061194,0.056149,-0.002182819393245286,-3.5889,-1177496.6002281122,-4.26018,453748290.57,1000000000.0,1000000000.0,1.11,-94.70271,2024-09-20T13:05:33.205Z,0.03651096,60.36304,2026-02-23T20:30:20.062Z,,2026-06-20T00:04:54.409Z
iostoken,iost,IOST,https://coin-images.coingecko.com/coins/images/2523/large/IOST.png?1696503337,0.00077042,26137152,697,26137152,5166226.0,0.0007816,0.00076012,-9.000968329779e-06,-1.15483,-334827.9573225714,-1.26484,33999051873.0,33999051873.0,90000000000.0,0.129829,-99.40806,2018-01-24T00:00:00.000Z,0.00075878,1.28301,2026-06-10T22:26:03.204Z,,2026-06-20T00:05:03.632Z
saakuru-labs,skr,Saakuru,https://coin-images.coingecko.com/coins/images/37058/large/saakuru.jpeg?1713172376,5.434e-05,26121178,698,54272,48.1,,,,,16655355.0,175.95252,702342123.678902,998676898.754,1000000000.0,0.076016,-99.92851,2024-05-31T17:04:48.078Z,2.567e-05,111.72227,2026-03-31T13:20:44.642Z,,2026-06-04T07:24:27.268Z
openai-republic-pre-ipo,preopai,OpenAI (Republic Pre-IPO),https://coin-images.coingecko.com/coins/images/102173503/large/preopaireal.png?1779848125,892.7,25965702,700,25965702,633626.0,917.16,885.61,-11.797550999999999,-1.30433,-313792.77246200293,-1.19406,29081.0,29081.0,,1033.94,-13.64377,2026-05-27T04:20:40.811Z,784.07,13.87643,2026-06-11T02:40:46.243Z,,2026-06-20T00:05:02.474Z
ishares-silver-trust-ondo-tokenized-stock,slvon,iShares Silver Trust (Ondo Tokenized Stock),https://coin-images.coingecko.com/coins/images/68651/large/slvon_160x160.png?1756156286,58.99,25963998,701,25963998,3042846.0,59.09,58.5,-0.09439956922562942,-0.15976,-52640.071042533964,-0.20233,440275.0975707883,440275.0975707883,,109.63,-46.20688,2026-01-29T14:20:58.769Z,36.16,63.07316,2025-11-02T21:17:10.075Z,,2026-06-20T00:04:55.186Z
alphabet-class-a-ondo-tokenized-stock,googlon,Alphabet Class A (Ondo Tokenized Stock),https://coin-images.coingecko.com/coins/images/68606/large/googlon_160x160.png?1756130033,367.36,25936887,702,25936887,1971360.0,367.65,364.6,1.069,0.29179,71663.0,0.27706,70618.72508182781,70618.72508182781,,407.72,-9.91771,2026-05-18T14:25:46.705Z,206.54,77.82847,2025-09-02T15:52:12.830Z,,2026-06-20T00:04:46.538Z
collect-on-fanable,collect,Collect on Fanable,https://coin-images.coingecko.com/coins/images/71291/large/collect.png?1766967579,0.04826973,25899801,704,144691628,2811807.0,0.04865492,0.04316934,0.00468862,10.75839,2491645.0,10.64435,537000000.0,3000000000.0,3000000000.0,0.116018,-58.433,2026-01-16T17:26:20.513Z,0.02664161,81.01402,2026-02-03T14:37:51.159Z,,2026-06-20T00:04:46.873Z
nyc-token,nyc,NYC,https://coin-images.coingecko.com/coins/images/71543/large/nyc_400x400.jpg?1768293202,0.086514,25895504,703,86318390,75637.0,0.086518,0.086201,0.00031083,0.36058,4242.87,0.01639,299999784.5317122,999999784.5317122,1000000000.0,0.142001,-39.21265,2026-01-14T03:00:34.404Z,0.085701,0.72075,2026-03-02T19:36:23.484Z,,2026-06-20T00:04:46.843Z
predictions,prdt,Predictions,https://coin-images.coingecko.com/coins/images/70315/large/PRDT.png?1761558230,1.082,25835024,699,64587561,28644.0,1.082,1.076,0.00013337,0.01233,-124462.29550296068,-0.47945,24000000.0,60000000.0,60000000.0,1.26,-14.03218,2025-11-07T16:10:44.698Z,0.997561,8.44636,2025-11-01T12:44:21.770Z,,2026-06-20T00:04:46.600Z
ethereum-pow-iou,ethw,EthereumPoW,https://coin-images.coingecko.com/coins/images/26997/large/logo-clear.png?1696526049,0.239557,25801100,709,25801100,1529493.0,0.239865,0.227703,0.00761648,3.2838,685090.0,2.7277,107818717.0,107818717.0,,58.54,-99.59138,2022-09-03T00:10:33.722Z,0.209844,13.99069,2026-06-06T04:46:02.056Z,,2026-06-20T00:05:04.016Z
bucket-protocol-buck-stablecoin,buck,Bucket Protocol BUCK Stablecoin,https://coin-images.coingecko.com/coins/images/33846/large/buck-icon.png?1703121631,0.997135,25792007,705,25792007,1003807.0,0.999517,0.990076,0.00040678,0.04081,-144617.78442155942,-0.55758,25967564.9285441,25967564.9285441,,1.23,-18.92716,2025-10-10T21:53:23.049Z,0.000978,101643.2793,2024-09-22T18:21:13.316Z,,2026-06-20T00:05:04.586Z
onfa,oft,ONFA,https://coin-images.coingecko.com/coins/images/39159/large/logo-onfa-circle-green.png?1720776070,0.240261,25777058,707,66202885,45671.0,0.240261,0.227943,0.01231834,5.40413,1331882.0,5.44845,107287555.7451893,275545245.7451893,300000000.0,2.48,-90.32626,2024-07-19T21:24:02.418Z,0.069944,243.50515,2026-03-29T00:06:07.200Z,,2026-06-20T00:05:05.003Z
cargox,cxo,CargoX,https://coin-images.coingecko.com/coins/images/2580/large/cargox.png?1696503384,0.154276,25771728,706,33165733,31001.0,0.154227,0.146868,0.00615007,4.15192,1015379.0,4.10149,167160147.72525844,215119016.0,,0.523279,-70.52729,2023-11-08T08:30:23.947Z,3.988e-05,386647.46128,2020-01-01T01:02:55.491Z,"{'times': -0.0974531431294506, 'currency': 'eth', 'percentage': -9.74531431294506}",2026-06-20T00:05:03.541Z
microstrategy-xstock,mstrx,MicroStrategy xStock,https://coin-images.coingecko.com/coins/images/55631/large/Ticker_MSTR__Company_Name_MicroStrategy__size_200x200_2x.png?1746862528,114.49,25754266,708,121590837,691022.0,114.17,111.6,2.04,1.81679,442682.0,1.74893,225245.7056471017,1063428.239537011,,462.34,-75.253,2025-07-18T05:29:46.066Z,100.65,13.67741,2026-02-06T00:25:51.200Z,,2026-06-20T00:05:00.372Z
chainflip,flip,Chainflip,https://coin-images.coingecko.com/coins/images/25576/large/kdt_AgmT_400x400.png?1696524709,0.287988,25665359,711,25903205,120886.0,0.291317,0.282475,0.00473528,1.67176,418042.0,1.65579,89127909.13888025,89953878.13888025,,9.48,-96.96231,2024-03-07T22:35:19.897Z,0.191282,50.47391,2026-04-03T04:35:21.942Z,,2026-06-20T00:05:03.588Z
universal-usd,usdu,Universal USD,https://coin-images.coingecko.com/coins/images/102173556/large/Watermark_200x200.png?1780160602,0.99999,25651287,710,25651287,7.4,,,,,,,25651543.81,25651543.81,,0.99999,0.0,2026-06-11T12:59:50.264Z,0.99999,0.0,2026-06-11T12:59:50.264Z,,2026-06-16T17:13:20.790Z
gigachad-2,giga,Gigachad,https://coin-images.coingecko.com/coins/images/34755/large/IMG_0015.png?1705957165,0.0026752,25600114,712,25600114,5360704.0,0.00277055,0.00262667,-9.055827118884e-05,-3.27426,-785854.4930741489,-2.9783,9604136902.35,9604136902.35,10000000000.0,0.095127,-97.19731,2025-01-03T16:26:00.996Z,1.244e-05,21327.99314,2024-02-06T19:23:17.592Z,,2026-06-20T00:05:04.685Z
alphabet-xstock,googlx,Alphabet xStock,https://coin-images.coingecko.com/coins/images/55610/large/Ticker_GOOG__Company_Name_Alphabet_Inc.__size_200x200_2x.png?1746858803,367.51,25532728,713,183300561,2795849.0,368.51,365.21,0.490171,0.13356,58362.0,0.2291,69410.02987849401,498297.6107684292,,408.05,-9.89663,2026-05-18T14:30:47.103Z,169.43,116.99918,2025-07-02T11:04:28.597Z,,2026-06-20T00:05:00.805Z
singularry,singularry,Singularry,https://coin-images.coingecko.com/coins/images/52290/large/Bildschirmfoto_2024-11-29_um_10.23.16.png?1732962869,0.02547455,25491862,714,25491862,28477.0,0.02556212,0.02474007,0.0007233,2.92226,751872.0,3.0391,1000000000.0,1000000000.0,1000000000.0,0.050998,-50.04565,2026-02-24T19:51:41.860Z,0.00055719,4472.17311,2024-11-30T10:41:55.424Z,,2026-06-20T00:05:00.988Z
biconomy,bico,Biconomy,https://coin-images.coingecko.com/coins/images/21061/large/biconomy_logo.jpg?1696520444,0.03578448,25404357,715,35379665,79783692.0,0.03671742,0.01941772,0.01621583,82.86635,11356434.0,80.84067,718049656.9789356,1000000000.0,1000000000.0,21.45,-99.83485,2021-12-02T02:18:45.254Z,0.01732508,104.44118,2026-06-06T04:45:48.988Z,,2026-06-20T00:05:03.565Z
metis-token,metis,Metis,https://coin-images.coingecko.com/coins/images/15595/large/Metis_Black_Bg.png?1702968192,3.38,25349095,716,33752723,3727608.0,3.41,3.04,0.214787,6.79544,1529076.0,6.41929,7510236.842,10000000.0,10000000.0,323.54,-98.95719,2022-01-16T20:14:31.709Z,2.34,44.1957,2026-06-06T05:10:44.742Z,,2026-06-20T00:05:03.227Z
whiteheart,white,Whiteheart,https://coin-images.coingecko.com/coins/images/13484/large/whiteheart.png?1696513245,2851.05,25340161,717,25340161,287.53,,,,,,,8888.0,8888.0,8888.0,8457.1,-66.28807,2025-08-24T18:42:56.029Z,57.1,4893.08682,2022-06-18T21:11:01.884Z,,2026-06-12T19:42:03.132Z
ryze,ryze,Ryze,https://coin-images.coingecko.com/coins/images/50814/large/Aryze_Pfp_For_Both.png?1729238552,0.095823,25276285,718,36861364,2057.79,0.096967,0.095782,-0.001025663084607178,-1.05904,-280946.7391887903,-1.09928,263805684.1337809,384717823.0,384717823.0,0.161394,-40.63331,2026-04-17T16:40:23.757Z,0.01535536,523.97769,2025-04-07T07:02:15.953Z,,2026-06-20T00:05:05.343Z
infinit,in,INFINIT,https://coin-images.coingecko.com/coins/images/67941/large/infinit.jpg?1754390008,0.073081,25251440,719,73178011,5703762.0,0.073426,0.06885,0.00144063,2.01091,516861.0,2.08963,345068683.0,1000000000.0,1000000000.0,0.306206,-76.09912,2025-10-10T06:22:41.076Z,0.04496718,62.75399,2026-02-06T00:25:36.883Z,,2026-06-20T00:04:53.707Z
ibs-3,ibs,IBS,https://coin-images.coingecko.com/coins/images/102173221/large/1000056994.png?1778413083,26.39,25231775,721,25231775,954493.0,26.44,26.03,0.23199,0.887,101025.0,0.402,956282.4315269963,956282.4315269963,,40.64,-35.06924,2026-05-17T13:50:42.971Z,23.95,10.18133,2026-06-03T10:41:20.603Z,,2026-06-20T00:05:02.790Z
perle,prl,Perle,https://coin-images.coingecko.com/coins/images/102172470/large/Symbol_-_Mango_%281%29.png?1773500485,0.142925,25159545,720,143768830,5777933.0,0.156863,0.137653,-0.00794181285303952,-5.26411,-1247170.9045876153,-4.72293,175000000.0,1000000000.0,1000000000.0,0.431223,-66.66126,2026-04-16T20:45:01.248Z,0.113738,26.39932,2026-03-25T11:03:43.262Z,,2026-06-20T00:05:02.787Z
na-capital-as-a-service-sstn,pc0016245,NA Capital-as-a-Service SSTN,https://coin-images.coingecko.com/coins/images/66593/large/tradable.jpg?1749883324,1.0,25000000,722,25000000,0.0,1.0,1.0,0.0,0.0,0.0,0.0,25000000.0,25000000.0,100000000.0,1.0,0.0,2025-07-03T10:25:10.311Z,1.0,0.0,2025-07-03T10:25:10.311Z,,2026-06-20T00:00:15.569Z
nest-blackopal-liquidstone-ii-vault,nopal,Nest BlackOpal LiquidStone II Vault,https://coin-images.coingecko.com/coins/images/70787/large/BlackOpal_Vault.png?1763752532,1.069,24983356,723,24983356,8.14,1.069,1.069,0.00031,0.02901,1240345.0,5.22404,23373133.765281,23373133.765281,,1.069,0.0,2026-06-19T20:15:12.242Z,1.011,5.68053,2025-12-23T23:05:05.882Z,,2026-06-20T00:00:04.857Z
fidelity-usd-digital-liquidity-fund-acc,filq-a,Fidelity USD Digital Liquidity Fund-Acc,https://coin-images.coingecko.com/coins/images/102173239/large/FILQ.png?1778592085,100.42,24960668,724,24960668,0.0,100.42,100.39,0.0273,0.02719,6785.66,0.02719,248559.0,248559.0,,100.42,0.0,2026-06-19T21:15:10.272Z,100.25,0.17167,2026-06-03T05:00:37.278Z,,2026-06-19T23:55:06.283Z
tx,tx,tx,https://coin-images.coingecko.com/coins/images/102172194/large/Logo_Square_-_Green.png?1772082122,0.00449073,24912219,727,457713049,121179.0,0.00500909,0.00441295,-0.000377841158523271,-7.76083,-2148909.754253071,-7.94095,5547640481.259424,101926986534.0,,0.03777559,-88.11247,2026-03-06T14:05:04.937Z,0.00349355,28.53914,2026-06-15T10:05:23.011Z,,2026-06-20T00:05:02.317Z
black-phoenix,bpx,Black Phoenix,https://coin-images.coingecko.com/coins/images/16948/large/photo_2021-05-11_01-35-19.jpg?1696516516,0.00431935,24907984,725,34241928,0.0,0.00431935,0.00431935,0.0,0.0,-4.486230678856373,-2e-05,5766607295.556258,7927568800.708749,,3.37,-99.87175,2024-08-08T01:47:07.923Z,1.33e-06,325378.06021,2022-03-22T04:18:58.031Z,,2026-06-19T17:24:02.751Z
ai-analysis-token,aiat,AI Analysis Token,https://coin-images.coingecko.com/coins/images/33672/large/aia-logo-icon200.png?1702702028,0.225705,24905994,726,112852426,22669.0,0.226393,0.22495,-3.5688569187425e-05,-0.01581,-2290.87006149441,-0.0092,110347623.6743895,500000000.0,500000000.0,0.918633,-75.43036,2024-05-06T00:51:43.846Z,0.02270319,894.15488,2026-03-29T17:00:40.243Z,,2026-06-20T00:05:04.429Z
safecoin,safe,SAFEbit,https://coin-images.coingecko.com/coins/images/67434/large/200x200_%281%29.png?1752777433,0.065468,24835271,728,65467961,367935.0,0.07141,0.063529,-0.005811551659641631,-8.15319,-2164917.9778982736,-8.01816,379350000.0,1000000000.0,1000000000.0,0.503782,-87.0047,2025-10-03T12:47:22.558Z,0.04178524,56.67724,2026-04-07T12:30:57.364Z,,2026-06-20T00:04:45.946Z
euler,eul,Euler,https://coin-images.coingecko.com/coins/images/26149/large/Coingecko_logo_%281%29.png?1706026067,1.03,24800621,732,27919404,1929423.0,1.032,0.992183,0.00418446,0.40809,-21052.320340756327,-0.08481,24146317.188470602,27182818.28459,27182818.0,15.81,-93.51855,2025-07-11T05:56:24.825Z,0.723337,41.70281,2026-03-29T22:55:41.586Z,,2026-06-20T00:05:03.743Z
stepn,gmt,GMT,https://coin-images.coingecko.com/coins/images/23597/large/token-gmt-200x200.png?1703153841,0.00797071,24793963,729,40432233,5600855.0,0.00797572,0.00766333,0.00020685,2.66421,638003.0,2.64118,3111400155.0,5073850155.102167,6000000000.0,4.11,-99.80611,2022-04-28T03:29:53.820Z,0.00752453,5.83678,2026-06-10T22:25:45.788Z,,2026-06-20T00:05:03.553Z
pundi-x-2,pundix,Pundi X,https://coin-images.coingecko.com/coins/images/14571/large/vDyefsXq_400x400.jpg?1696514252,0.095839,24740554,730,24740554,1820256.0,0.097626,0.094904,-0.001096845520692946,-1.13152,-277148.9598251581,-1.10781,258386541.0999244,258386541.0999244,,10.07,-99.04774,2021-03-31T06:39:32.892Z,0.089148,7.54958,2026-06-10T02:51:06.352Z,,2026-06-20T00:05:03.085Z
acurast,acu,Acurast,https://coin-images.coingecko.com/coins/images/34367/large/Acurast-symbol-dark-bg.png?1728418440,0.082536,24676612,731,84488142,3286128.0,0.083944,0.076001,0.00157504,1.94543,768412.0,3.21401,297605529.99,1018946119.44,,0.315928,-73.83508,2026-01-24T02:02:00.045Z,0.065326,26.5375,2026-06-06T04:45:26.463Z,,2026-06-20T00:05:04.582Z
frax-share,frax,Frax (prev. FXS),https://coin-images.coingecko.com/coins/images/13423/large/FRAX_icon.png?1768982703,0.261812,24490482,733,26082418,730468.0,0.26689,0.258911,-0.001634671595555803,-0.62049,-185785.02994623035,-0.75289,93597450.50922652,99681495.5911336,,42.8,-99.38841,2022-01-12T15:22:27.465Z,0.258911,1.09725,2026-06-19T10:25:22.640Z,,2026-06-20T00:05:03.123Z
seda-2,seda,SEDA,https://coin-images.coingecko.com/coins/images/36689/large/SEDA_Logo.png?1712087674,0.03290976,24466746,734,33598192,692823.0,0.03356952,0.03257544,-0.000656432954208204,-1.95564,-500912.7911415212,-2.00625,743872074.3667113,1021499012.126978,,0.263586,-87.51456,2025-11-02T18:06:48.354Z,0.0190419,72.82859,2026-03-27T16:50:31.471Z,,2026-06-20T00:05:04.807Z
dual,dual,Dual,https://coin-images.coingecko.com/coins/images/102172467/large/dual.png?1773499983,0.00324325,24307913,735,32493004,203472.0,0.00361713,0.00304021,0.00014918,4.82159,1199756.0,5.19192,7480968300.204377,10000000000.0,10000000000.0,0.00992344,-67.3358,2026-04-21T09:35:41.865Z,0.0010419,211.1072,2026-05-31T22:05:41.862Z,,2026-06-20T00:05:02.355Z
cyberconnect,cyber,CYBER,https://coin-images.coingecko.com/coins/images/31274/large/token.png?1715826754,0.363979,24302137,736,36140070,9346103.0,0.371231,0.34716,0.00746011,2.09249,312361.0,1.30206,67244300.43333334,100000000.0,100000000.0,15.79,-97.70742,2023-09-01T22:25:07.435Z,0.326122,10.98606,2026-06-10T22:10:07.918Z,,2026-06-20T00:05:04.307Z
woo-network,woo,WOO,https://coin-images.coingecko.com/coins/images/12921/large/WOO_Logos_2023_Profile_Pic_WOO.png?1696512709,0.01283588,24152425,737,24152425,1975882.0,0.01298424,0.01260697,-3.1149211878736e-05,-0.24209,-157516.9450095594,-0.64795,1888782088.294737,1888782088.294737,3000000000.0,1.78,-99.28076,2021-11-15T13:44:18.437Z,0.01232801,3.74845,2026-06-06T05:10:44.254Z,,2026-06-20T00:05:03.248Z
carv,carv,CARV,https://coin-images.coingecko.com/coins/images/37689/large/CARV_%281%29.png?1728418485,0.03954454,24100572,738,39534977,4731277.0,0.04036399,0.0388893,-0.000143493712753691,-0.36155,-126249.7140606232,-0.52112,609601253.0,1000000000.0,1000000000.0,1.36,-97.09765,2024-11-02T15:50:28.103Z,0.03590099,10.23618,2026-06-10T22:21:04.368Z,,2026-06-20T00:05:05.057Z
skale,skl,SKALE,https://coin-images.coingecko.com/coins/images/13245/large/SKALE_token_300x300.png?1696513021,0.0039672,24093918,739,24692593,3298804.0,0.00410134,0.00394298,-0.000122724823307514,-3.00066,-812426.0938355699,-3.26192,6094019337.0,6245440895.395961,7000000000.0,1.22,-99.67463,2021-03-12T05:14:18.439Z,0.00394298,0.36355,2026-06-19T23:15:21.016Z,,2026-06-20T00:05:03.068Z
metronome-synth-usd,msusd,Metronome Synth USD,https://coin-images.coingecko.com/coins/images/67504/large/metronome_msusd.png?1753015705,0.99613,24023142,740,24023142,2950379.0,0.996966,0.995458,0.00036765,0.03692,-1474655.7180385366,-5.78346,24127572.92690007,24127572.92690007,,3.43,-70.98658,2025-10-16T10:48:38.387Z,0.427862,132.70874,2025-10-09T03:53:06.683Z,,2026-06-20T00:04:48.448Z
auki-labs,auki,Auki,https://coin-images.coingecko.com/coins/images/39811/large/COINGECKO-200-x-200_%281%29.png?1724166209,0.00542471,24007079,741,54127951,52746.0,0.00546479,0.00522354,0.00019713,3.77087,879861.0,3.80444,4430866223.562498,9990124674.259544,10000000000.0,0.060588,-91.0164,2025-01-26T14:46:13.083Z,0.00416096,30.81166,2026-02-05T21:02:32.958Z,,2026-06-20T00:05:05.153Z
x-dol-x,xdol,x-DOL-x,https://coin-images.coingecko.com/coins/images/102173072/large/xdol_COINGENKO.png?1777620711,0.081845,23981457,742,40923987,311.01,0.08185,0.081845,-2.726393233732e-06,-0.00333,52.57,0.00022,293000000.0,500000000.0,500000000.0,0.094436,-13.32945,2026-05-16T03:50:21.276Z,0.061168,33.8074,2026-06-02T01:35:40.913Z,,2026-06-20T00:05:02.477Z
energy-web-token,ewt,Energy Web Token,https://coin-images.coingecko.com/coins/images/10886/large/EWF_1.png?1773198639,0.3946,23898547,743,32001408,362899.0,0.406169,0.389488,0.00459885,1.17919,308934.0,1.30962,60544174.08365829,81071824.94544457,100000000.0,22.67,-98.2595,2021-04-17T03:10:00.960Z,0.248012,59.11497,2026-05-16T08:15:22.038Z,,2026-06-20T00:05:02.656Z
power-ledger,powr,Powerledger,https://coin-images.coingecko.com/coins/images/1104/large/Powerledger_Token_logo_%281%29.png?1741750417,0.0450104,23882512,748,45059333,1522019.0,0.04691348,0.04467569,-0.001711155337195722,-3.66245,-876858.8177583627,-3.54152,529761884.726046,999506122.99937,1000000000.0,1.89,-97.62211,2018-01-07T00:00:00.000Z,0.03262537,37.82544,2020-03-13T02:22:32.160Z,,2026-06-20T00:05:02.687Z
goldfish-gold,ggbr,Goldfish Gold,https://coin-images.coingecko.com/coins/images/102172212/large/goldfish_logo_200x200.png?1772212434,4.15,23858276,744,103697712,188298.0,4.2,4.12,-0.04524289797213488,-1.07918,-293478.38385520503,-1.21514,5751881.065459477,25000000.0,,5.39,-23.06233,2026-03-02T14:11:24.832Z,4.02,3.19932,2026-06-10T23:30:42.604Z,,2026-06-20T00:05:02.319Z
islamic-coin,islm,Islamic Coin,https://coin-images.coingecko.com/coins/images/32284/large/66eade0c3f9fa1dbb50d7a37_Logomark__2.png?1728441108,0.0064651,23790740,745,117434120,27479.0,0.00662062,0.00623684,-2.8146636805623e-05,-0.43348,-177782.21419414878,-0.74173,3679921493.005356,18164560952.13101,100000000000.0,0.303274,-97.86826,2023-10-15T00:00:00.000Z,0.0059478,8.69574,2025-12-23T14:44:17.935Z,,2026-06-20T00:05:04.515Z
sai,sai,Sai,https://coin-images.coingecko.com/coins/images/1442/large/dai.png?1696502492,8.95,23780580,746,23780580,78.36,9.0,8.81,-0.008453126671525979,-0.09431,-39338.11219653487,-0.16515,2657556.051089104,2657556.051089104,2669761.865019928,25.84,-65.32512,2025-08-24T19:26:24.968Z,0.92687,866.70785,2020-05-10T00:45:07.739Z,,2026-06-20T00:05:03.000Z
hydradx,hdx,Hydration,https://coin-images.coingecko.com/coins/images/13929/large/avatar-circle-pink.png?1717638991,0.00401342,23751412,747,25777112,14909.58,0.00405635,0.0039151,8.33e-06,0.20802,102903.0,0.43514,5918174822.0,6422921278.131422,6500000000.0,0.03993264,-89.94989,2024-02-08T02:22:21.639Z,0.00180375,122.49599,2026-03-09T20:20:51.077Z,,2026-06-20T00:05:03.168Z
steem,steem,Steem,https://coin-images.coingecko.com/coins/images/398/large/steem.png?1696501691,0.04281907,23516956,749,23517233,3082844.0,0.043044,0.04213428,-9.4896488565074e-05,-0.22113,-98389.37208665535,-0.41663,550476984.756,550483473.445,,8.19,-99.47874,2018-01-03T00:00:00.000Z,0.04208316,1.46254,2026-06-06T05:10:31.626Z,,2026-06-20T00:05:05.249Z
iexec-rlc,rlc,iExec RLC,https://coin-images.coingecko.com/coins/images/646/large/pL1VuXm.png?1696501840,0.32474,23441629,750,28175530,2293502.0,0.332833,0.321499,-0.004172462356105078,-1.26856,-377255.46693400294,-1.58385,72382548.06525737,86999784.9868455,86999784.9868455,15.51,-97.91201,2021-05-10T17:59:51.557Z,0.153815,110.55329,2018-12-15T00:00:00.000Z,,2026-06-20T00:04:47.299Z
